SUPPLIER;CATEGORY;Serial Number;Description;Quantity in Stock;Purchase Price;GUARANTEE;Location
"VESTEL;Shporet Inter INT6060;42037909;90;KNOB (DELTA, SPINDLE TYPE 1, WHITE);2;0.79;Yes;Depo"
"VESTEL;Shporet Inter INT6060;37002474;56;HANDLE BODY (3D QUADRANGLE,WHITE);10;9.3;Yes;Depo"
VESTEL;TV;23455187;39-FFB-5600 SN7892306700072;CHS.ASSY.17MB211-1K121213922C225151&2;2;13.11;Yes;Depo
VESTEL;TV;23506438;per 32VH52M sn8099591800611;CHS.ASS.17MB211S-1N425136H92A125152WS;3;11.3;Yes;Depo
VESTEL;FRigorifer;32028943;Tani 32019371 per FFV177VW SN1176730209024767170074;THERMOSTAT(FOSHAN KDF27J2);5;3.11;Yes;Depo
VESTEL;ENELARES;32037007;EMO12 FULLV (5.01.2021);DISPLAY CARD D21/KRMZ/20BMD03SR2/2350873;4;5.86;Yes;Depo
VESTEL;KLIMA;32027077;per CIN140  CIN100  e jashtme;FAN MOTOR ODU 12K BLDC (BO);10;21.18;Yes;Depo
"VESTEL;KLIMA;32032797;displej per CIN140;DISP.PCB 7S HD 1""23525034 /KLD14;10;8.78;Yes;Depo"
VESTEL;KLIMA;2 2232089;pllaka e jashtme C140;OD.PCB 32044424 0FFF38-1001AA;10;21.94;Yes;Depo
VESTEL;KLIMA;32031152;Per klime te jashtme CIN140;SENSOR İNV. 46/35/70CM /30096670;5;3.07;Yes;Depo
VESTEL;THARESE;2 2234257;ETH-9K (2021);E.CARD F2-10722375_F seriesCN01;5;16.99;Yes;Depo
VESTEL;THARESE;22215517;ETH-9K (2021);E.CARD F2-10722375_F seriesCN00;5;6.94;Yes;Depo
VESTEL;LAVATRIQE;2 2243509;WM601N  SN00788314006783520286;HT.CARD F1A-2279FFF020100000-V0423;4;12.91;Yes;Depo
VESTEL;THARESE;22107757;Displej per ETH-9HP;F4T CARD GR.K240/AMBER-DELİCATE-v00r;5;11.93;Yes;Depo
VESTEL;THARESE;4 2233130;ETH-9K;UPPER TRAY GROUP/112LT FOLYOLU;1;11.35;Yes;Depo
"VESTEL;THARESE;42163416;Tani 42233129 Kapak per ETH-9KN, ETH-8HP;**UPPER TRAY GROUP/100LT;3;8.59;Yes;Depo"
VESTEL;Frigorifer;32007063;ECO 234;CAPACITOR 4uF/B-S3/6.3;5;1.72;Yes;Depo
VESTEL;ENELARES;3 2037007;EMO12 FULLV (14/11/2020);DISPLAY CARD D21/KRMZ/20BMD03SR2/2350873;1;5.86;Yes;Depo
VESTEL;THARESE;22107762;ETH-9HP  e madhja;E.CARD F4T-2203560100_rev1_k240-v04e;4;24.63;Yes;Depo
VESTEL;THARESE;2 2251499;ETH-8K   11MARS21;E.CARD F1-10722374_F seriesCN02;3;16.85;Yes;Depo
VESTEL;LAVATRIQE;22079912;per WM7-800G (2019). Mund te zavendesohet me pllaken e lire 20845895;E.CARD F2A-27167FF020100000-R-V06L;2;28.64;Yes;Depo
VESTEL;LAVATRIQE;2 0881606;PER WM8-1400;**E.CARD F2A-42167FF02030-64K-RATIO-A;2;16.37;Yes;Depo
VESTEL;Frigorifer;47022261;;WINE SHELF/2795/RV(ZINC);1;2.34;Yes;Depo
VESTEL;Frigorifer;37030867;;DOD -DOOR HANG/1400 ANK RV1;10;1.45;Yes;Depo
VESTEL;Frigorifer;32007063;Per ECO234;CAPACITOR 4uF/B-S3/6.3;20;1.72;Yes;Depo
VESTEL;Frigorifer;32015621;Tani 32046022;THERMOSTAT(FOSHAN KDF25L2)PLS;9;3.23;Yes;Depo
VESTEL;LAVATRIQE;42027605;WM7-1000;LIGHT GUIDE QUAD/AURA;2;0.216;Yes;Depo
VESTEL;LAVATRIQE;2 0648900;;RESISTANCE GR.(S.FUSE-DÜZ(1850W));1;4.163;Yes;Depo
VESTEL;LAVATRIQE;22311645;WM8K-1000 (2022). Kjo nuk e zavendeson  22069635(2019);E.CARD F4-3746FFF020100000-v06L;7;15.96;Yes;Depo
VESTEL;LAVATRIQE;2 2136855;WM10K-1300;VEL.CARD F4;10;26.49;Yes;Depo
VESTEL;LAVATRIQE;2 2040926;WM10K-1300;**E.CARD F4-4844FFF02030-V06C;10;22.36;Yes;Depo
VESTEL;LAVATRIQE;20881606;PER WM8-1400;**E.CARD F2A-42167FF02030-64K-RATIO-A;10;16.37;Yes;Depo
VESTEL;LAVATRIQE;22255258;WM601N;*E.CARD F1A-2279FFF004100000-32K-NL-V03İ;5;14.85;Yes;Depo
VESTEL;LAVATRIQE;2 0845895;PER WM7-800G;**E.CARD F2C-27367FF02010-48K-A;5;14.49;Yes;Depo
VESTEL;LAVATRIQE;32008162;ZAV.TANI 32028908;PUMP-HANYU(RAST 5)  pumpa e ujit KOMPLET;2;4.96;Yes;Depo
VESTEL;ENELARES;2 2251740;EMO-12FULLV;ELEC.CARD VI13=_TI;10;16.3;Yes;Depo
VESTEL;ENELARES;22224041;EMO-18IXV;ELEC.CARD VA1E_Q_YR_BZSIZ _CL;5;1.5067;Yes;Depo
VESTEL;ENELARES;22181292;EMO12-FULLV;ELEC.CARD VI13;5;23.42;Yes;Depo
VESTEL;ENELARES;3 2048020;;DIS.KART I1/DSIZ/BYZ/BMD03/R3/23762545;4;3.57;Yes;Depo
VESTEL;ENELARES;32001602;Tani 22062250;WASHING PUMP/ASYNCHRONOUS;6;15.53;Yes;Depo
"VESTEL;ENELARES;3 2048181;EMO-12FULLV, 20FULLV;DIS.KART I1/DSIZ/B/BMD03R3/TI/23758609;5;3.09;Yes;Depo"
VESTEL;SHPORET;3 2038521;I poshtmi ;HEATER 66TOP230V1100W SAHTERM;2;2.1;Yes;Depo
VESTEL;SHPORET;32032381;;TIMER DIGITAL FULL REDGROP;2;7.98;Yes;Depo
VESTEL;THARESE;22124421;ETH-8K;E.CARD F1-100560100-v04h_rev1;4;26.0793;Yes;Depo
VESTEL;THARESE;42233130;Kapak per ETH-9HP;UPPER TRAY GROUP/112LT FOLYOLU;5;11.35;Yes;Depo
VESTEL;THARESE;42163416;Tani 42233129 Kapak per ETH-8K;**UPPER TRAY GROUP/100LT;5;8.59;Yes;Depo
VESTEL;THARESE;4 2232588;ETH-8K ;BELT(7-8-9 KG)-7PH2012 SH200-HUTCHINSON;16;5.76;Yes;Depo
"VESTEL;KLIMA;32032797;displej per CIN140;DISP.PCB 7S HD 1""23525034 /KLD14;5;3.78;Yes;Depo"
VESTEL;LAVATRIQE;42027603;WM7-1000;SELECTION BUTTON QUAD/AURA;5;0.4218;Yes;Depo
VESTEL;LAVATRIQE;2 2243509;WM601N  SN00788314006783520286;HT.CARD F1A-2279FFF020100000-V0423;10;12.918;Yes;Depo
VESTEL;LAVATRIQE;22226880;WM8-1400 SN00716102005957060174;VEL.CARD F2A-42167FF020300000-V02.8-R;4;14.84;Yes;Depo
VESTEL;FRIGORIFERA ;30014912;Per frigorifer ECO C366Ix  ;F SENSOR/540;5;0.98;Yes;Depo
VESTEL;LAVATRIQE;4 2087110;WM611    PRODHIM 2020;TUB ENTERANCE WITH BELLOW HOSE-C;1;0.73;Yes;Depo
VESTEL;LAVATRIQE;4 2002568;WM611;TUB BELLOWS SEAL/ALVA 3-A;5;0.59;Yes;Depo
VESTEL;THARESE;42204991;42161603  ETH-8K;FILTER CASETTE GR (DIAMOND)-WHİTE-(PPT20;3;3.28;Yes;Depo
VESTEL;THARESE;42204992;42164812 ETH-9HP;DOUBLE FILTER CA. ASSY;3;5.2097;Yes;Depo
"VESTEL;THARESE;22242997;ETH-10K, ETH-9HP;F4T CARD GR.K240/AMBER-DELİCATE-v01s;10;8.0147;Yes;Depo"
VESTEL;THARESE;22252902;ETH-10K;E.CARD F4T-10722380;10;16.087;Yes;Depo
VESTEL;THARESE;2 2234290;per ETH-10K;E. CARDGR F4T-K240;8;7.23;Yes;Depo
VESTEL;TV;23476926;nga 39-HD-2111 e zavendeson edhe 23367482;17IPS62r4;2;6.78;Yes;Depo
VESTEL;TV;23755499;nga 39-HD-2111;17MB181;10;35.02;Yes;Depo
"VESTEL;THARESE;22065359;Per ETH-8K, ETH-9K, etj;FR.PAN.GR/F/SINGLE;5;14;Yes;Depo"
"VESTEL;THARESE;42163360;kapak anesor rrjete Per ETH-8K, ETH-9K, etj;PLINTH 1/HP-COND/F SERIES/WHT;2;1.11;Yes;Depo"
"VESTEL;THARESE;42273481;kapak anesor Per ETH-8K, ETH-9K, etj;PLINTH COVER HP/F SERISI/WHT;1;2.06;Yes;Depo"
"VESTEL;LAVATRIQE;32000535;Tani 32019343 per WM9K-1200, WM8-1400, WM9-1100;MOTOR(600/800/1000 RPM 48/52/57 LT);2;28;Yes;Depo"
"VESTEL;LAVATRIQE;32016268;Tani 32017283 per WM611, 601N;MOTOR(32/40/41/42-4/5/6/8 RPM)AL.WELLING;10;32.17;Yes;Depo"
VESTEL;LAVATRIQE;32016813;;RESISTANCE 2000W PYTH(60)NIC.DIF.;3;4.61;Yes;Depo
VESTEL;SHPORET;3 2001459;;CAP. THERMOSTAT 285C NGBI/FO/DO TCS;1;3.73;Yes;Depo
VESTEL;LAVATRIQE;22039121;WM10K-1200;**E.CARD F2A-48136FF02030-RATIO-V06C;3;21.43;Yes;Depo
VESTEL;LAVATRIQE;20859196;;**E.CARD F2A-21167FF02030-48K-A;5;14.5;Yes;Depo
VESTEL;LAVATRIQE;2 2089096;WM10K-PREMIUM SN00721259005100560050;E.CARD FG-5DAFFFC078D40000-v01p;5;27.79;Yes;Depo
"VESTEL;LAVATRIQE;32048313;WM8K-1000R, WM7-800, WM8-1400, WM601N, WM10K-1200;PUMP(LEILI-13MM);5;4.49;Yes;Depo"
VESTEL;TV;30104304;65-QUH-2311 SN8994516300004;ASSY TCON LG 2D LC650EQQ-SMA3;8;36.7;Yes;Depo
VESTEL;TV;30104299;JVC 55VA8000  SN8612493100017;ASSY TCON LG 2D LC550EQQ-SMA4;8;36.48;Yes;Depo
VESTEL;FRIGORIFER;32029716;ECO-SB620BLV-BLACK;TERMAL FUSE DOUBLE/NOVA;10;2.13;Yes;Depo
VESTEL;ENELARES;32026861;Tani 20860405 per ;ELECT.CARD C14-2_SMPS;10;7.07;Yes;Depo
VESTEL;fRIGORIFER;32007054;395  1T inox frigorifer;CAPACITOR 3uF/B-S3/6.3;3;1.69;Yes;Depo
VESTEL;TV;23647097;JVC 55VA8000(SN8612493100017);CHS.ASSY.17MB170-11833236H91A42518459;10;49.16;Yes;Depo
VESTEL;LAVATRIQE;22145703;WM8-80;DRUM GROUP/51-ALVA B2-SK;15;46.35;Yes;Depo
VESTEL;LAVATRIQE;20648900;CMIMI;RESISTANCE GR.(S.FUSE-DÜZ(1850W));7;4.16;Yes;Depo
VESTEL;LAVATRIQE;2 0678006;CMIMI;RESISTANCE GR.(S.FUSE-ST-B(1850W));7;3.26;Yes;Depo
"VESTEL;LAVATRIQE;20785814;WM10K-1200, 120, 130;DRUM GROUP/59-ALVA B2;4;37.11;Yes;Depo"
"VESTEL;LAVATRIQE;37048016;per bosht WM8-1100;NUT,HEX,M12,C,FE-3;29;0.5;Yes;Depo"
VESTEL;LAVATRIQE;42002568;;TUB BELLOWS SEAL/ALVA 3-A;29;0.58;Yes;Depo
VESTEL;LAVATRIQE;42105199;WM9-1100 ose WM8-1400;FRONT TUB 52LT-TYPE3-E;29;5.92;Yes;Depo
VESTEL;LAVATRIQE;2 2089096;WM10K-PREMIUM SN00721259005100560050;E.CARD FG-5DAFFFC078D40000-v01p;10;27.23;Yes;Depo
VESTEL;LAVATRIQE;2 2089099;WM10K-PREMIUM;LCD CARD GR FG/K240-BLCK-NL-v09j;10;53.62;Yes;Depo
VESTEL;LAVATRIQE;22296223;WM7-800G (2022);VEL.CARD F2A-27167FF020100000-V02.5-R;10;15.28;Yes;Depo
VESTEL;LAVATRIQE;2 2320312;WM8-80 WH;*E.CARD F2A-36167FF020300000-R-v01T;15;15.49;Yes;Depo
VESTEL;LAVATRIQE;22040844;WM8K-1000R. Kjo e zavendeson 22121217;VEL.CARD F4-3746FFF020100000-V25.69;10;19.9;Yes;Depo
VESTEL;LAVATRIQE;22079912;per WM7-800G (2019). Mund te zavendesohet me pllaken e lire 20845895;E.CARD F2A-27167FF020100000-R-V06L;10;27.5;Yes;Depo
VESTEL;LAVATRIQE;20883208;per WM6-800G (me trafo pllaka);**E.CARD F2A-21167FF02030-64K-RATIO-A;10;15.5;Yes;Depo
VESTEL;LAVATRIQE;32027608;WM10K-PREMIUM;PUMP-PYTHON-50 HZ (HANYU);5;6.47;Yes;Depo
VESTEL;SHPORET;3 2001459;;CAP. THERMOSTAT 285C NGBI/FO/DO TCS;5;3.73;Yes;Depo
"VESTEL;SHPORET;32003902;Tani 32038521;BOTTOM HEATING ELEMENT(60*60,230V 1100W);8;2.05;Yes;Depo"
VESTEL;SHPORET;32017631;Tani 32043684;BI66GRIL&TOP HEAT.E.230V1400+1200W60LT I;3;5.1;Yes;Depo
"VESTEL;SHPORET;32001408;I bardhe;ENERGY REGULATOR (230V, SINGLE ZONE);3;4.27;Yes;Depo"
"VESTEL;SHPORET;3 2001431;;HOTPLATE Ø180, 230V, 1500W;8;7.95;Yes;Depo"
VESTEL;THARESE;22252850;Tani 22344164 per ETH-9HP e madhja sn007635490101926;E.CARD F4T-10763549_F seriesHPAl02;3;15.66;Yes;Depo
"VESTEL;THARESE;42161615;propeleri I madhe per ETH-10K, ETH-9K, ETH-8K;PROCESS AİR FAN GROUP COND. Ø 140 MM;3;1.81;Yes;Depo"
VESTEL;THARESE;42161584;Tani 42163381 ETH-8K;WATER TANK 100LT/F SERIES;5;8.13;Yes;Depo
VESTEL;THARESE;22100332;ETH-9K;E.CARD F2-201560120-v04e;4;25.28;Yes;Depo
VESTEL;THARESE;22242997;ETH-9HP E vogla;F4T CARD GR.K240/AMBER-DELİCATE-v01s;5;7.87;Yes;Depo
VESTEL;THARESE;2 2234290;ETH-10K;E.CARDGR F4T-K240-10722380_F seriesCN01;5;7.09;Yes;Depo
"VESTEL;THARESE;32031614;Tani 32035848 ETH-8K, ETH-9K (pump e zeze);PUMP(B13-6AA11110/33MM IMP)18MM-HANYU;4;6.74;Yes;Depo"
VESTEL;THARESE;32035848;eth-8k;PUMP (B13-6C)-HANYU;4;11.16;Yes;Depo
VESTEL;THARESE;32031612;Tani 32043420;HEATER(1600-900 W/2 TH-1 NTC)IRCA;5;16.97;Yes;Depo
"VESTEL;SHPORET;32033019;I zi ;ENERGY REGULATOR (230V, SINGLE ZONE) 50.;2;2.49;Yes;Depo"
VESTEL;BOILER;32029028; ECO-BOJ 65KVB;THERMOSTAT (25-75°C) (TRM-ANALOG);70;5.5;Yes;Depo
VESTEL;BOILER;22034330;Displej elektronika per boiler ECO-BOJ 60KVB dhe 80KV;ELEKTRONİK KART GR.(ECO-DIG. MAVİ) VELK;77;16.41;Yes;Depo
VESTEL;BOILER;42136941;Tani 42293667 per ECO-BOJ 65KVB Gume edhe 80KV silver;IMPERMEABILITY GASKET (TRM) R.1;18;1.31;Yes;Depo
VESTEL;BOILER;42045794;80KV SILVER;IMPERMEABILITY PLASTIC (TRM);11;0.25;Yes;Depo
VESTEL;BOILER;37025153;80KV SILVER pllaka metalike;IMPERMEABILITY FLANGE-GAL (TRM) R.1;8;1.27;Yes;Depo
VESTEL;BOILER;32010540;80KV SILVER ;TEMPERATURE SENSOR (TRM-DIGITAL);5;1.14;Yes;Depo
VESTEL;BOILER;32033996; ECO-BOJ 65KVB dhe 80kv;RESISTANCE 1980W Ø12;7;12.53;Yes;Depo
VESTEL;BOILER;32030937; ECO-BOJ 65KVB dhe 80kv;LIMIT THERMOSTAT (100°C/Ø4) TRM;7;6.6;Yes;Depo
VESTEL;KLIMA;22365916;PLASTIKA E PERPARME;FR.PAN VENTUM&PC FILM ECOLUX;7;23.43;Yes;Depo
"VESTEL;KLIMA;32045011;Tani 32053791 CIN140, CIN200, e brendshme;I.PCB FL BLDC WF/UV/EB 23691540/20KL13;7;17.14;Yes;Depo"
VESTEL;BOILER;32030942;80KV SILVER sn723442190129000158990043;MAIN PCB TRM-25-75 23390786/20TM01/M;7;15.39;Yes;Depo
VESTEL;LAVATRIQE;22089099;WM10K PREMIUM;LCD CARD GR FG/K240-BLCK-NL-v09j;27;53.62;Yes;Depo
VESTEL;THARESE;22100332;ETH-9K(2021);E.CARD F2-201560120-v04e;3;25.28;Yes;Depo
VESTEL;BOILER;37012841; ECO-BOJ 65KVB dhe 80kv;HOT WATER PIPE K65L;1;1.46;Yes;Depo
"VESTEL;SHPORET;20774493;ECO 60G dera komplet sn00639198004057130032;FLAT PROF.COMPLETE DOOR(AN,SFL,SY,IAO,3D;2;31.44;Yes;Depo"
VESTEL;TV;23737191;T-CON;PER 32-FHA-2108;2;2.81;Yes;Depo
VESTEL;TV;23114322;Per 32W1334DG TOSHIBA;17MB95S;1;8.75;Yes;Depo
VESTEL;TV;23457263;per 65VU83K sn800324800028;CHS.ASS.17MB130P-2N425236H52A425153S7_SA;4;27;Yes;Depo
VESTEL;TV;23754928;per 42-FHA-2108;CHS.AS.17MB181TC-2K121113H922225181C1;1;28.42;Yes;Depo
VESTEL;TV;23693311;Per JVC 50V8000 sn8585748100513;CHS.ASSY.17MB230-1N433336H32D4251843=;4;24.33;Yes;Depo
VESTEL;TV;23545278;;LED BAR.650 DLD3 UNB 3030 U R11_YEDPA;1;15.91;Yes;Depo
VESTEL;TV;23737191;T-CON;PER 32-FHA-2108;5;2.91;Yes;Depo
"VESTEL;KLIMA;32045011;Tani 32053791 CIN140, CIN200, e brendshme;I.PCB FL BLDC WF/UV/EB 23691540/20KL13;9;17.14;Yes;Depo"
VESTEL;KLIMA;22390380;PER CIN260 Jashtme;OD.PCB 32054064 0FFF53-1001BB;2;74.1;Yes;Depo
"VESTEL;LAVATRIQE;22170924;WM9-1100  WM8-1300, WM-1200;REAR TUB GROUP (52/57 E)-F;3;24.5;Yes;Depo"
"VESTEL;LAVATRIQE;22261757;per WM9-1.2K, WM8-1400;REAR TUB GROUP(51E)TYPE1-F;5;20.79;Yes;Depo"
VESTEL;ENELARES;3 2030561; per EMO-12BSIC nderpreres te MONTUAR dhe EMO-12 FULL V;ECO GR/45/FT;6;1.77;Yes;Depo
VESTEL;THARESE;32035848;eth-8k cmimi I larte;PUMP (B13-6C)-HANYU;5;11.16;Yes;Depo
VESTEL;THARESE;22251499;ETH-8K   11MARS21;E.CARD F1-10722374_F seriesCN02;4;16.52;Yes;Depo
VESTEL;Frigorifer;42228597;Per FFV177VW kapak ne pjesen e poshtme. Sn1176730209024767170074;F FLAP COVER 2791TRAN-NAT RV1;10;2.63;Yes;Depo
VESTEL;Frigorifer;37002350;ECO-FR-177 bagllam ;BOTTOM/HINGE DOD/1400 54 CM ANK(HETTICH);6;6.3;Yes;Depo
VESTEL;Frigorifer;20883202;WD7/5 PLLAKE E vogel;WASHER DRYER CARD GROUP-5VA_v04a;1;7.54;Yes;Depo
VESTEL;LAVATRIQE;32043416;WD7/5 hidrostat elektronik;ELECTRONIC PRESSURE SENSOR-AKS;1;5.06;Yes;Depo
"VESTEL;LAVATRIQE;2 0784100;WM601N, bon edhe 611 te reja;*E.CARD F1A-2279FFF004100000-32K-NL-V03İ;1;14.85;Yes;Depo"
VESTEL;KLIMA;32044055;Tani 22390380 pllaka jashte CIN260;OD.PCB 32054004 0FFF53-1001BB;6;74.1;Yes;Depo
VESTEL;SHPORET;42019954;diktung per vrima - per xhama ECO60G;GRADUAL WASHER;4;0.01;Yes;Depo
"VESTEL;LAVATRIQE;42204992;per ETH-9HP, ETH-8HP;DOUBLE FILTER CA. ASSY(DIAMD)-BYZ-(PPT20;3;5;Yes;Depo"
VESTEL;LAVATRIQE;42185851;kapak i deres se tharses;DOOR OUTER PLASTIC/D10-OPAK/PIANO BLACK;10;6.13;Yes;Depo
VESTEL;TV;23139231;e perdorur;17MB95S-1;5;9;Yes;Depo
VESTEL;Frigorifer;32029717;ECO 405 FZ;TERMAL FUSE SINGLE/NOVA;12;1.41;Yes;Depo
VESTEL;Frigorifer;42139498;Plastika para xhamit ECO 3951T;R.GLASS SHELF PRF/366(EXT)WH RV1 492;14;0.3;Yes;Depo
VESTEL;Frigorifer;42267433;Plastika mbrapa xhamit ECO 3951T;R.GLASS SHELF BACK TRIM/374(S.W) RV1;4;0.69;Yes;Depo
VESTEL;Frigorifer;47020576;ECO 405 FZ;F GLASS SHELF-ICEMATIC/371RV3;8;3.8;Yes;Depo
"VESTEL;LAVATRIQE;2 2154957;WM8-1100, WM7-800G, WM8K-1000R;DRUM GROUP/49-ALVA BE-2-SK;19;46.48;Yes;Depo"
VESTEL;LAVATRIQE;42080167;per WM8-1400G  KAPAKU;UPPER TRAY GROUP-3/52;2;6.07;Yes;Depo
"VESTEL;LAVATRIQE;32048313;WM8K-1000R, WM7-800, WM8-1400, WM601N, WM10K-1200;PUMP(LEILI-13MM);2;4.5;Yes;Depo"
VESTEL;LAVATRIQE;32028671;Tani 32028741 per WM811 se veq filteri po del ma shtrejt;PUMP(HANNING-ALU-50HZ);1;1.42;Yes;Depo
VESTEL;LAVATRIQE;42268877;WM10K-PREMIUM;FILTER-HANYU(PYTHON)32027608;20;0.87;Yes;Depo
"VESTEL;THARESE;37030263;Metali me vrime ETH-8K, 9K;REAR BEARING;6;2.9;Yes;Depo"
VESTEL;LAVATRIQE;47010520;Per WM8-1K;FRONT CONC.WE.-ALVA-CUT TYPE C-8KG-T1;3;3;Yes;Depo
VESTEL;ENELARES;4 2134284;;COMPACT WATER SOFTENER GR.WITH REED RELA;5;5;Yes;Depo
VESTEL;ENELARES;47018037;Tani 47001133 Litar per dere te enelaresit;HINGE CORD GR-2;20;0.45;Yes;Depo
VESTEL;ENELARES;20869910;Tani 20880548 per EN14V  ;ELEC.CARD C14_2 SMPS/1800W;1;9.2;Yes;Depo
"VESTEL;SHPORET;32001431;Tani 32003913;HOTPLATE Ø180, 230V, 1500W;30;7.95;Yes;Depo"
VESTEL;Frigorifer;32043135;komplet per ECO-177V;LAM.TE.K.GR/2761M-BD56(432$)KAR LDA V86;20;8.92;Yes;Depo
VESTEL;KLIMA;32032732;CIN140 brendshme;FAN MOTOR IDU FLORA 9/12 K BLDC 16 W;20;34.21;Yes;Depo
VESTEL;THARESE;22215517;ETH-9K;E.CARD F2-10722375_F seriesCN00;10;6.8;Yes;Depo
"VESTEL;TV;23287960;Shirita per 40'' (te zakonshum);LED BAR.40""BMS DLED0.36A U3R5.5_YE.PAR;20;10.44;Yes;Depo"
VESTEL;TV;23767079;JVC 55VA8000 SN8612493100017;CHS.ASSY.17MB170-11833216H91A4251843Z;20;51.41;Yes;Depo
VESTEL;TV;23313397;;CHS.ASSY.17MB98-R1E163113G2B1212613P2;20;15.2;Yes;Depo
VESTEL;TV;23772857;50-AUH-2111  ;MD.ASY.17IPS72R4_50550_U_C_ZEN(2;5;8.87;Yes;Depo
VESTEL;ENELARES;22049082;EN-14V;ELEC.CARD VX14_3_YH;2;11.67;Yes;Depo
VESTEL;ENELARES;32020935;EMO-08 FULLV DISPLEJ;DISPLAY CARD VD42/45/20BMD02/23158515;7;4.67;Yes;Depo
"VESTEL;ENELARES;32048181;EMO-12FULLV, 20FULLV;DIS.KART I1/DSIZ/B/BMD03R3/TI/23758609;20;3.09;Yes;Depo"
"VESTEL;KLIMA;32045011;Tani 3 2053791 CIN140, CIN200, CIN260 e brendshme;I.PCB FL BLDC WF/UV/EB 23691540/20KL13;1;17.14;Yes;Depo"
VESTEL;Frigorifer;32045056;ECO 405 FZ TERMOSAT PLLAKE;DB/BDD53/371/A+/GYX/R19/V107-23690637;3;4.9;Yes;Depo
VESTEL;SHPORET;32031791;PER RESHO VESTFROST;TC VSTL FR08 DLB 32031791 DOMİNO 1T1Ç;1;22.9;Yes;Depo
VESTEL;Frigorifer;32010069;ECO 405 FZ;REED SWITCH PCB;19;1.91;Yes;Depo
VESTEL;SHPORET;32009170;Tani 32038578  8polesh;SWITCH 12/22 ANK/TB E;4;4.07;Yes;Depo
VESTEL;LAVATRIQE;2 0846089;;RESISTANCE GR.(ALVA)49-54/2000W-M;4;4.88;Yes;Depo
VESTEL;ENELARES;42173012;Tani 42337165  SLIDE DISPANSER WITH;SLIDE DISPANSER WITH;10;4.2;Yes;Depo
VESTEL;Frigorifer;42161061;ECO2630;BOTTLE SHELF/319 ARC(TRANS-BLUE);6;2.58;Yes;Depo
VESTEL;LAVATRIQE;22329124;WM7-1K PREMIUM;*HT.CARD T0-317BFFF020200000-V0023-A;5;15.69;Yes;Depo
VESTEL;LAVATRIQE;2 2329122;WM8-1K PREMIUM;*HT.CARD T0-3A7BFFF020200000-V0023-A;2;15.69;Yes;Depo
"VESTEL;ENELARES;32031614;Tani 32035848 ETH-8K, ETH-9K (pump e zeze);PUMP(B13-6AA11110/33MM IMP)18MM-HANYU;2;6.74;Yes;Depo"
VESTEL;ENELARES;2 2214948;ETH-8K  TE LIRA SN00722374010139960079;E.CARD F1-10722374_F seriesCN00;3;6.67;Yes;Depo
VESTEL;Frigorifer;42159501;3951T;CHEESE BUTTER SHELF/373ARC(TRANS NAT);5;1.67;Yes;Depo
"VESTEL;THARESE;42026000;WM9-1100, 1200;UPPER TRAY GROUP/52/SIGMA PLUS;5;6.26;Yes;Depo"
VESTEL;TV;30053502;IC900;IC PFC FAN7529 SO8 ROHS;2;0.33;Yes;Depo
VESTEL;TV;30028356;;FUSE SAFE 3.15A 250V 8x8.5 AMMO;9;0.05;Yes;Depo
VESTEL;TV;23781756;65-AUH-2311;MD.ASY.17IPS72R7_65_DXNB_U_C_440_ZEN;100;12.63;Yes;Depo
VESTEL;TV;23861378;65-AUH-2311 SN9047901300122;CHS.ASSY.17MB185-11135216H12A54518381;98;40.29;Yes;Depo
VESTEL;THARESE;22340289;ETH-9HP (2023);E.KART F4T-10782934_F seriesHPAl08;30;16.85;Yes;Depo
VESTEL;THARESE;42253413;ETH-8HPN;UPPER TRAY GROUP/90LT FOLYOLU;10;5;Yes;Depo
"VESTEL;THARESE;32051485;Cenzor , shume I kerkuar;Heater NTC(CEBI);20;2.4;Yes;Depo"
VESTEL;LAVATRIQE;4 2105200;WM10K-1300;FRONT TUB 57LT-TYPE3-E;4;5.91;Yes;Depo
VESTEL;LAVATRIQE;22320312;WM8-80 WH;*E.CARD F2A-36167FF020300000-R-v01T;1;15.49;Yes;Depo
MIDEA;KLIMA;17122000018690;EC AC13 DCINV KLIME;Outdoor main control board subassembly;1;35.5822;Yes;Depo
MIDEA;KLIMA;17222000009511;EC-AC10 DCINV  jashtme;Electronic control box subassembly;9;52.6346;Yes;Depo
MIDEA;KLIMA;12100105000841;EC-AC26 DCIN FREEZE/ R32 jashtme;Axial Flow Fan;3;3.8715;Yes;Depo
MIDEA;KLIMA;12100105000961;EC-AC14 DCIN FREEZE / R32 jashtme;Axial Flow Fan;10;1.9758;Yes;Depo
MIDEA;KLIMA;12122000A79330;EC-AC26 DCIN FREEZE/ R32 e brendshme;Panel assembly;1;6.7195;Yes;Depo
MIDEA;KLIMA;12122000A79331;EC-AC20 DCIN FREEZE/ R32 e brendshme;Panel assembly;1;6.3012;Yes;Depo
MIDEA;KLIMA;17222000027251;EC-AC26 DCIN FREEZE/ R32 e brendshme;Electronic control box subassembly (Mid-and low-end);1;13.3945;Yes;Depo
MIDEA;KLIMA;17222000031597;EC-AC11DCINV / R32 e brendshme;Electronic control box subassembly (Mid-and low-end);1;10.1994;Yes;Depo
MIDEA;KLIMA;17222000009588;EC-AC20 DCIN FREEZE/ R32 jashtme;Electronic control box subassembly;12;60.7781;Yes;Depo
MIDEA;KLIMA;17222000026151;EC-AC26DCINV / R32 jashtme;Electronic control box subassembly;74;63.457;Yes;Depo
MIDEA;KLIMA;17222000023691;EC AC 25 DCINV jashtme;Electronic control box subassembly;2;58.5086;Yes;Depo
MIDEA;KLIMA;17222000031064;EC AC 25 DCINV jashtme;Electronic control box subassembly;47;48.9233;Yes;Depo
MIDEA;KLIMA;17222000037155;EC MU20 OUT 1/2 jashtme;Electronic control box subassembly;8;41.1091;Yes;Depo
MIDEA;KLIMA;17222000009509;EC AC13 DCINV KLIME e brendshme;Electronic control box subassembly (Mid-and low-end);6;12.5579;Yes;Depo
MIDEA;KLIMA;17222000029125;EC - AC 55 FS INV e jashtme;Electronic control box subassembly;6;232.2633;Yes;Depo
MIDEA;KLIMA;17222000029116;EC-AC60 FS DCINV e jashtme;Electronic control box subassembly;5;232.0052;Yes;Depo
MIDEA;KLIMA;17222000031157;EC-AC11DCINV / R32 jashtme;Electronic control box subassembly;5;32.6719;Yes;Depo
MIDEA;KLIMA;17222000028451;EC AC 13 DCINV e jashtme;Electronic control box subassembly;5;37.2554;Yes;Depo
MIDEA;KLIMA;17222000034395;EC-AC20DCINV / R32 e brenshme;Electronic control box subassembly (Mid-and low-end);2;11.1784;Yes;Depo
MIDEA;KLIMA;17122000021908;EC - AC 55 FS INV e jashtme;Inverter control board subassembly;7;28.3376;Yes;Depo
MIDEA;KLIMA;17122000041914;EC-AC14DCINV / R32 brenshme;Display board subassembly;8;1.8957;Yes;Depo
MIDEA;KLIMA;17222000035528;;Electronic control box subassembly;18;43.076;Yes;Depo
MIDEA;KLIMA;17222000013351;EC AC 10 DCINV brenshme;Electronic control box subassembly (Mid-and low-end);14;11.9349;Yes;Depo
MIDEA;KLIMA;17222000033815;EC-AC20 DCIN FREEZE/ R32 brendshme;Electronic control box subassembly (Mid-and low-end);17;10.9203;Yes;Depo
MIDEA;KLIMA;11002015011867;EC-AC20 DCIN FREEZE/ R32 brendshme;Brushless DC Motor;4;11.4454;Yes;Depo
MIDEA;KLIMA;17222000A61455;EC-CONS 20 FREEZE jashtme;Electronic control box subassembly;5;46.1287;Yes;Depo
MIDEA;KLIMA;17222000A61452;EC-CONS 14 FREEZE jashtme;Electronic control box subassembly;4;37.38;Yes;Depo
MIDEA;KLIMA;17222000A57794;EC-AC14 DCIN FREEZE / R32 jashtme;Electronic control box subassembly;2;40.2191;Yes;Depo
MIDEA;KLIMA;17222000A64451;EC MU45 OUT 1/5 jashtme;Electronic control box subassembly;3;98.5675;Yes;Depo
MIDEA;KLIMA;17222000A60530;EC-AC14 DCIN FREEZE / R32 jashtme;Electronic control box subassembly;1;37.2465;Yes;Depo
MIDEA;KLIMA;17222300A02868;EC MU30 OUT 1/3 jashtme;Electronic control box subassembly;1;86.6593;Yes;Depo
MIDEA;KLIMA;17222000A57776;EC-AC65 FS DCINV jashtme;Electronic control box subassembly;77;237.3096;Yes;Depo
MIDEA;KLIMA;17222300A02929;;Electronic control box subassembly;28;109.2297;Yes;Depo
MIDEA;KLIMA;17222000A60590;EC-AC26 DCIN FREEZE/ R32 jashtme;Electronic control box subassembly;40;52.0383;Yes;Depo
MIDEA;KLIMA;17402002000464;EC-AC20 DCIN FREEZE/ R32 jashtme;Heater;30;5.8473;Yes;Depo
MIDEA;KLIMA;17402002000544;EC-AC26 DCIN FREEZE/ R32 jashtme;Heater;68;5.1709;Yes;Depo
MIDEA;KLIMA;17222300002272;EC MU30 OUT 1/3 jashtme;Electronic control box subassembly;10;80.6963;Yes;Depo
MIDEA;KLIMA;17222500002700;EC CAS200 IND brenshme;Electronic control box subassembly;1;18.7345;Yes;Depo
MIDEA;KLIMA;17222500003720;EC CAS 200 IND brenshme;Electronic control box subassembly;2;18.6544;Yes;Depo
MIDEA;KLIMA;17222500003722;EC CAS 150 IND brenshme;Electronic control box subassembly;2;18.6455;Yes;Depo
MIDEA;KLIMA;17222500003825;EC CAS 120 IND brenshme;Electronic control box subassembly;5;18.6455;Yes;Depo
MIDEA;KLIMA;17222000A57819;EC-AC19 FW410A brenshme;Electronic control box subassembly (Mid-and low-end);10;13.9018;Yes;Depo
MIDEA;KLIMA;17222000A60881;EC-AC14DCINV / R32 brenshme;Electronic control box subassembly (Mid-and low-end);4;12.2019;Yes;Depo
MIDEA;KLIMA;17222000A01170;EC-AC 14 DCIN FREEZE brenshme;Display box subassembly;5;1.2193;Yes;Depo
MIDEA;KLIMA;17222000A54622;EC-AC26 DCIN FREEZE/ R32 brenshme;Display box subassembly;10;2.8124;Yes;Depo
"VESTEL;TV;23152437;per 40FLHYR160S;CN.A.FFC 51P/600 0.5mmLVDS(39""MB82UNDS03;1;0.37;Yes;Depo"
VESTEL;LAVATRIQE;42148896;WM6-800G;PLASTIC LIFTER 140;2;0.29;Yes;Depo
VESTEL;LAVATRIQE;2 2320645;WM9-12T2T;*VEL.CARD T2T-569A3F5028220200-v11.8.T30;10;4.26;Yes;Depo
VESTEL;Frigorifer;42233508;Tani 42325870 ECO-FF373  Displej komplet;*DISPLAY BOX GR/D.CONT/492-553(SILV)/H;3;3.9;Yes;Depo
VESTEL;Frigorifer;32034650;per ECO395 1T;LED ST/2835*6/8*129MM/BDL3 (I);10;2.03;Yes;Depo
VESTEL;LAVATRIQE;32041883;WM9-12T2T;MOTOR(12-1400/50-51-54-55LT)WELLING;10;52.29;Yes;Depo
VESTEL;LAVATRIQE;32041980;WM9-1.2K PREMIUM;MOTOR(1000 RPM 51 LT)TYPE33-WELLING;3;74.08;Yes;Depo
VESTEL;LAVATRIQE;32028671;Tani 32028741 per WM811 se veq filteri po del ma shtrejt;PUMP(HANNING-ALU-50HZ);10;1.42;Yes;Depo
VESTEL;Frigorifer;32043354;Tani 32051770 ECO-FF373 pllaka per displej;GK/BDD77/C.KONT.GID/H;29;2.61;Yes;Depo
VESTEL;LAVATRIQE;32005174;Tani 32033135 WM611;DOOR LOCK(THERMAL-SIGMA TYPE)METALFLEX;3;0.62;Yes;Depo
VESTEL;Frigorifer;32010069;ECO3951T nderpreres ne dere;REED SWITCH PCB;6;1.91;Yes;Depo
VESTEL;Frigorifer;47014876;Xham rafti per ECO3951T;R GLASS SHELF/374;5;2.75;Yes;Depo
VESTEL;Frigorifer;42139498;PVC plastike para xhamit te raftit ECO3951T;R.GLASS SHELF PRF/366(EXT)WH RV1 492;5;0.3;Yes;Depo
VESTEL;Frigorifer;42267433;PVC plastike pas xhamit te raftit ECO3951T;R.GLASS SHELF BACK TRIM/374(S.W) RV1;5;0.69;Yes;Depo
VESTEL;LAVATRIQE;42065326;WM8-1100;DETERGENT BOX GROUP/COLD/5;5;3.48;Yes;Depo
"VESTEL;LAVATRIQE;32032130;CIN200, CIN230, CIN260 I BRENSHEM;FAN MOTOR IDU FLORA 18/24 BLDC 27W;1;11.66;Yes;Depo"
VESTEL;LAVATRIQE;32024463;WM10K-PREMIUM;DOOR LOCK DL-S2(SEL-BITRON);5;3.44;Yes;Depo
VESTEL;LAVATRIQE;32050669;WM10K-1.2K;MOTOR(1000 RPM-59-61LT-55MM)WELLING;5;34.21;Yes;Depo
VESTEL;THARESE;22153015;ETH-8HP;E. CARD GR F4-0021021201000300_8-v05h;10;24.85;Yes;Depo
VESTEL;LAVATRIQE THARES;20826457;PER WD 7/5 SILVER;F4.CARD GR.WITHOUT BUZZER;9;6.05;Yes;Depo
VESTEL;LAVATRIQE;22362316;WM10K-1.2K;E.CARD T0-487BFFF020200000-V01_15-A;1;19.87;Yes;Depo
VESTEL;LAVATRIQE;2 2136855;WM10K-1300 Per nje lloj te lava.SN00775371006430800035;VEL.CARD F4-4844FFF020300000-V02.5-G;8;25.97;Yes;Depo
"VESTEL;LAVATRIQE;20691919;WM601N, wm8-1k premium;REAR TUB GROUP(TUF 800/1000);10;16.23;Yes;Depo"
VESTEL;LAVATRIQE;2 2001295;WM601N;DRUM GROUP/42-ALVA500-3(800/1000)SK;3;31.43;Yes;Depo
VESTEL;THARESE;42161609;ETH-8K;**FIXED DOOR HOOK PLASTIC;3;0.2;Yes;Depo
"VESTEL;TV;23158490;nga toshiba 40L3443DG(2014);MD.ASY.17IPS20R6-50""LB_MB95;2;9.37;Yes;Depo"
VESTEL;TV;30095545;VENTIL;ASSY TCON LG 2D/3D LC490EQY-SHM1/SHP1 PL;3;10.64;Yes;Depo
VESTEL;LAVATRIQE;32041980;WM9-1.2K PREMIUM;MOTOR(1000 RPM 51 LT)TYPE33-WELLING;5;74.08;Yes;Depo
"VESTEL;LAVATRIQE;32017283;WM601, WM611;MOTOR TUF(4-5-6-800 -42)30 MM-AL WELLING;2;25.28;Yes;Depo"
"VESTEL;LAVATRIQE;32000535;Tani 32019343 WM9-1200, wm8-1400, wm7-1000g, WM10K-1200, 1300;MOTOR(600/800/1000 RPM 48/52/57 LT);4;28;Yes;Depo"
VESTEL;Frigorifer;32034496;ECO-SBS620BLV;COMPR.VFA090CY1/VCC/DN;2;32.75;Yes;Depo
VESTEL;ENELARES;32026703;EN14V;HEATER CASING/1800W;3;10.44;Yes;Depo
VESTEL;ENELARES;32029797;EMO12 FULLV;DISPLAY KART D13/20BMD03/23219417;3;5.08;Yes;Depo
"VESTEL;ENELARES;32048181;EMO12 FULLV, EMO20 FULLV;DIS.KART I1/DSIZ/B/BMD03R3/TI/23758609;10;3.09;Yes;Depo"
VESTEL;Frigorifer;32048535;Tani 32051388 ECO-SBS620BLV;MAINBOARD/BDA10/620M/ISR/F/NSHBT/V45.8-2;3;29.45;Yes;Depo
VESTEL;LAVATRIQE;22319534;WM9-1.2K PREMIUM;E.CARD T0-467BFFF028200000-v01_15-A;5;17.19;Yes;Depo
VESTEL;LAVATRIQE;2 2243509;WM601N per njelloj;*HT.CARD F1A-2279FFF020100000-V0428;3;12.66;Yes;Depo
VESTEL;LAVATRIQE;22362316;WM10-1.2K;E.CARD T0-487BFFF020200000-V01_15-A;5;19.87;Yes;Depo
VESTEL;LAVATRIQE;22320645;WM9-12T2T;*VEL.CARD T2T-569A3F5028220200-v11.8.T30;10;4.2;Yes;Depo
VESTEL;LAVATRIQE;42268844;WM9-1.2K PREMIUM;DOOR HANDLE/C36-C37;10;0.43;Yes;Depo
VESTEL;Frigorifer;32051339;Tani 22389756 ECO 3951 T;MB/BDA67/FK/AT/375E/R3/29.284.1-23816706;1;12.65;Yes;Depo
VESTEL;THARESE;22391220;ETH-8HPN;E.KART F4-10785101_F seriesHPAl11-OT;8;20.69;Yes;Depo
VESTEL;THARESE;22255147;ETH-8HP;E.CARD F4-10763548_F seriesHPAl03;3;21.42;Yes;Depo
VESTEL;THARESE;22249938;ETH-8HP;E. CARD GR F4-10763548_F seriesHPAl01;3;15.76;Yes;Depo
VESTEL;THARESE;22356452;Tani 22391220 ETH-8HPN (06.01.24). Kjo nuk e zavendeson 22425777;E.CARD F4-10785101_F seriesHPAl09;3;20.69;Yes;Depo
VESTEL;LAVATRIQE;2 0784100;WM601N;*E.CARD F1A-2279FFF004100000-32K-NL-V03İ;33;14.68;Yes;Depo
VESTEL;LAVATRIQE;22145703;WM8-80;DRUM GROUP/51-ALVA B2-SK;3;46.35;Yes;Depo
VESTEL;TV;23619631;nga JVC 50VU8000;17IPS72R4;2;15.87;Yes;Depo
VESTEL;TV;30109265; nga JVC 50VU8001 sn8585748100512;TCON nuk ka ne fabrike;1;6.63;Yes;Depo
"VESTEL;TV;23861378;FINLUX 65-AUH-2311, SN9047901300013;CHS.ASSY.17MB185-11135216H12A54518381;3;40.29;Yes;Depo"
"VESTEL;TV;23677947;per  65-auh-2111, sn8856492200074;CHS.ASSY.17MB170-11833216H91A42518389;15;44.51;Yes;Depo"
"VESTEL;LAVATRIQE;42105198;WM8-1000R, WM8-1100;FRONT TUB 47LT-TYPE3-E;8;4.51;Yes;Depo"
VESTEL;LAVATRIQE;22136855;WM10K-1300 Per nje lloj te lava.SN00775371006430800035;VEL.CARD F4-4844FFF020300000-V02.5-G;4;25.97;Yes;Depo
"VESTEL;LAVATRIQE;20691919;WM8K-PREMIUM, WM601N;REAR TUB GROUP(TUF 800/1000);3;16.23;Yes;Depo"
VESTEL;LAVATRIQE;2 0678006;;RESISTANCE GR.(S.FUSE-ST-B(1850W));1;3.27;Yes;Depo
"VESTEL;LAVATRIQE;32053579;ECO-FF1, PRODHUAR 10/08/23;MAINBOARD/BDA76/2761M/A+/R4/V29.46.81-23;18;10.24;Yes;Depo"
VESTEL;LAVATRIQE;2 2214948;ETH-8K  TE LIRA SN00722374010139960079;E.CARD F1-10722374_F seriesCN00;1;6.67;Yes;Depo
VESTEL;LAVATRIQE;32019342;PER WM8-1000R;MOTOR(800 RPM 47-49LT)-AL-TYPE20-WELLING;15;30.68;Yes;Depo
VESTEL;SHPORET;32030554;Tani 22295384 per ECO-READY;LCD MONOCHROME FR30 OEM 23391360;2;68.19;Yes;Depo
VESTEL;Frigorifer;32053634;ECO-FF177V KOMPLET;LAM.TH.B.GR/2761M/F/(432$)SW LDA/RDL;2;12.46;Yes;Depo
VESTEL;ENELARES;2 2181336;DW14V;ELECT.CARD VX14_YR;1;18.91;Yes;Depo
VESTEL;LAVATRIQE;4 2028889;Kapak per WM601N;UPPER TRAY GROUP/42/SIGMA PLUS;6;5.31;Yes;Depo
VESTEL;THARESE;42209501;ETH-9K ;WATER TANK GROUP 112LT;50;7.06;Yes;Depo
VESTEL;LAVATRIQE;42110378;WM10K-PREMIUM;DETERGENT BOX GR/FULL/COLD/57/5-FM;49;10.77;Yes;Depo
VESTEL;BOILER;32030942;BOILER;MAIN PCB TRM-25-75 23390786/20TM01/M;49;15.39;Yes;Depo
VESTEL;Frigorifer;32050159;Tani 32043026 ECO-SBS620BLV;RADIAL FAN MOT.MFC0361V3 120MM(IMP)VR3;100;5.18;Yes;Depo
VESTEL;Frigorifer;32042948; ECO-SBS620BLV BLACK;RADIAL FAN MOTOR 100MM-1650RPM SUNON;20;5.6;Yes;Depo
"VESTEL;lAVATRIQE;32035767;VINIA e veqante;VALVE(2 EXIT-RAST2,5);3;5.96;Yes;Depo"
VESTEL;Frigorifer;32027851; ECO-SBS620BLV BLACK;SENSOR/STAND./R6K/800MM/DOUBLE ITHAL;2;1.62;Yes;Depo
VESTEL;SHPORET;22320464;EV-60 MT Black;OUTER GLASS ASSEMBLY(TOP/STANDARD);1;7.55;Yes;Depo
VESTEL;TV;23429641;Tani 23494070 43-FFB-5500 SHIRITA ME LLEDA;LED BAR.500 DLD4 U/VNB FlipC V2 U_YED.PA;50;9.78;Yes;Depo
VESTEL;ENELARES;32031878;Tani 22134769 EN14V;HEATER CAS FLOW THROUGH/AWECO 1800W;10;5.2;Yes;Depo
VESTEL;LAVATRIQE;2 0846089;;RESISTANCE GR.(ALVA)49-54/2000W-M;10;5.03;Yes;Depo
VESTEL;LAVATRIQE;42127585;;TUB EXIT BELLOWS GR(HOSE+BALL);7;2.18;Yes;Depo
VESTEL;LAVATRIQE;4 2087110;wm8-1400 ;TUB ENTERANCE WITH BELLOW HOSE-C;5;0.74;Yes;Depo
"VESTEL;LAVATRIQE;22080216;WM9K-1100 WM9K-1200, WM8K-1000;E.CARD F4-4246FFF020300000-V06L-G;4;26.3;Yes;Depo"
VESTEL;THARESE;42201218;ETH-10K;CON.PAN.GR.ECOLUX XF4T(ETH-10K);3;12.37;Yes;Depo
VESTEL;ENELARES;32037007;EMO12 FULLV (14/11/2020);DISPLAY CARD D21/KRMZ/20BMD03SR2/2350873;3;6.04;Yes;Depo
VESTEL;.;32043420;NXEHMES KUADRATIK;HEATER(1600-900W/2 TH(TP)-1 NTC)-IRCA;2;15.5;Yes;Depo
"VESTEL;THARESE;32031619;Tani 32035780 per ETH-9K, ETH-8K;DOOR LATCH(MV-438-5(2)A MS)-METALFLEX;3;3.25;Yes;Depo"
"VESTEL;ENELARES;32037542;EMO-18IXV, EMO12FULLV, EMO-12BSIC, EMO-20FULLV;DOOR LOCK-2/USA;1;1.32;Yes;Depo"
VESTEL;KLIMA;32035107;KOMPRESOR per CIN260;COMP. R410A/R32 DAT150MAG LG;10;170.95;Yes;Depo
VESTEL;Frigorifer;32034496;SBS620BLV kompresor inverter;COMPR.VFA090CY1/VCC/DN;4;33.73;Yes;Depo
VESTEL;Frigorifer;32013533;EV-60 CER  ;MOTOR FAN 230V H;9;3.24;Yes;Depo
"VESTEL;ENELARES;3 2039463;Tani 3 2040522 per EMO-12BSIC, FULLV;WELLING WASHING PUMP-3;10;9.73;Yes;Depo"
VESTEL;Frigorifer;32047193;Pllaka afer kompresorit ECO-SBS620BLV;VFA090CY1/INVERTER/14801;3;23.25;Yes;Depo
VESTEL;THARESE;42164399;Tani 42232588 rryp2012;BELT(7-8-9KG 100-112LT)7PH2012-HUTCHIN;4;4.06;Yes;Depo
VESTEL;LAVATRIQE;42199898;WM10-1.2K;DETERGENT BOX GR/FULL/COLD/57/6;2;12.14;Yes;Depo
"VESTEL;LAVATRIQE;42026020;WM10-1.2K, 1200, 1300;UPPER TRAY GROUP/57/SIGMA PLUS;2;6.51;Yes;Depo"
VESTEL;THARESE;42201171;ETH-9K;CON.PAN.GR.ECOLUX XF2A(ETH-9K);3;11.03;Yes;Depo
VESTEL;LAVATRIQE;22040926;WM10-1300;**E.CARD F4-4844FFF02030-V06C;3;22.58;Yes;Depo
"VESTEL;sHPORET;42275280;EV-60 CER;DOOR GASKET(N65,Y65,F,O TYPE);2;2.47;Yes;Depo"
VESTEL;SHPORET;32036146;EV-60 CER;SIGNAL LAMP LENS RED 6MM ANEL;9;0.02;Yes;Depo
VESTEL;SHPORET;22344149;EV-60 CER;OUTER GLASS ASS;27;11.13;Yes;Depo
"VESTEL;SHPORET;47019394;EV-60 CER;DOOR_FULL_INNER_GLASS_TIP7LD_AN/66_LOWE,;45;5.57;Yes;Depo"
"VESTEL;LAVATRIQE;22324932;WM10K-1300, 1200;DRUM GROUP/59-ALVA BE-2-SK;11;32.99;Yes;Depo"
VESTEL;LAVATRIQE;42124306;WM8-1200;TUB BELLOWS SEAL/PYTHON-C;10;5.85;Yes;Depo
VESTEL;SHPORET;32030554;Tani 22295384 per ECO-READY;VP FULL TOUCH KIT GR;60;70.24;Yes;Depo
VESTEL;LAVATRIQE;42195191;WM10K-1300;PORTHOLE GROUP W(D110);13;24.92;Yes;Depo
VESTEL;Frigorifer;32053579;;MAINBOARD/BDA76/2761M/A+/R4/V29.46.81-23;60;10.55;Yes;Depo
VESTEL;THARESE;22251499;ETH-8K;E.CARD F1-10722374_F seriesCN02;1;17.02;Yes;Depo
"VESTEL;SHPORET;42194327;EV-0/H 60IX;KNOB(PİPO FLAT,WH.INOX);1;1.74;Yes;Depo"
VESTEL;SHPORET;32001459;Tani 32031727;CAP. THERMOSTAT 285C NGBI/FO/DO TCS;4;3.84;Yes;Depo
VESTEL;THARESE;3 2046776;;CAPASITOR(11uF-B CLASS-M8)ORTAK;2;1.42;Yes;Depo
"VESTEL;LAVATRIQE;32025730;WM8-1200 WM7,6-800g, wm10-prem;ELECTRONIC PRESSURE SENSOR;2;1.84;Yes;Depo"
VESTEL;SHPORET;32031722;EV-0/H 60IX;LIMIT THERMOSTAT NC 200C 250V 16A T;2;0.6;Yes;Depo
"VESTEL;KLIMA;32027079;AC26 e JASHTME (CIN260, CIN230, CIN200);FAN MOTOR ODU 24/28K BLDC(BO);30;31.44;Yes;Depo"
VESTEL;Frigorifer;32028706;ECO-11177V;LED BULB/E14/6500K (N);6;2.2;Yes;Depo
VESTEL;TV ;23501396;65-FUC-8060;CHS.ASS.17MB130E-1B523113H144415173S3;3;28.52;Yes;Depo
VESTEL;TV ;30091082;;R/C 4848 R2 BLACK NETFLIX RC5 NOBRAND Ro;3;4.21;Yes;Depo
"VESTEL;LAVATRIQE;4 2028889;WM601N, WM7-1K Premium;UPPER TRAY GROUP/42/SIGMA PLUS;2;5.47;Yes;Depo"
VESTEL;LAVATRIQE;42199110;WM10K-PREMIUM;CON.PAN.GR.ECOLUX XFG(WM10K-PREMIUM);27;11.81;Yes;Depo
VESTEL;SHPORET;32015559;Tani 37050020;TC VSTL FR01 20568389 ÖN 4T;1;20.17;Yes;Depo
VESTEL;LAVATRIQE;47000778;Tani 47013982 kama-bulon;ADJUSTABLE FEET GR.;18;0.25;Yes;Depo
VESTEL;ENELARES;22151466;Per EMO-08 FULLV;DIS.KART  displej;20;7.9;Yes;Depo
VESTEL;SHPORET;22344149;EV-60 CER;OUTER GLASS ASS;5;11.13;Yes;Depo
VESTEL;ENELARES;32045498;Tani 32046903 per ECO-EN16V;DIS.CARD A1/B3/46R3/20BMD16/23727262;5;7.87;Yes;Depo
VESTEL;ENELARES;22180157;Per EMO-08 FULLV;ELEC.CARD VI1D_7;5;22.31;Yes;Depo
VESTEL;KLIMA;42196356;CIN200 ;FRONT BODY VENTUM 18/24K D.INOX;1;21.3;Yes;Depo
VESTEL;LAVATRIQE;3 2041883;WM9-12T2T;MOTOR(12-1400/50-51-54-55LT)WELLING;5;53.86;Yes;Depo
"VESTEL;LAVATRIQE;32025730;WM8-1200 WM7,6-800g, wm10-prem;ELECTRONIC PRESSURE SENSOR;3;1.84;Yes;Depo"
VESTEL;LAVATRIQE;32033617;WM10K-PREMIUM SN00721259005100560050;MOTOR(12-14/59-60-61 DC)TYPE 27-WELLING;2;40.42;Yes;Depo
"VESTEL;LAVATRIQE;22261757;WM9-1.2K PREMIUM, WM8-1400;REAR TUB GROUP(51E)TYPE1-F;9;21.41;Yes;Depo"
VESTEL;SHPORET;22081176;EV-60 MT Black;FAN MOTOR GROUP;10;3.61;Yes;Depo
VESTEL;SHPORET;32038521;EV-60 MT Black 32003902;HEATER 66TOP230V1100W SAHTERM;2;2.16;Yes;Depo
"VESTEL;SHPORET;37052360;EV-60 MT Black Rrjeta;GRID(Y66,BIO,BIBU,DO61,MOLDED RACK);3;3.87;Yes;Depo"
"VESTEL;SHPORET;37035609;EV-60 MT Black;HANDLE TRIM ASSEMBLE (INOX DP,BLK,420);3;5.72;Yes;Depo"
"VESTEL;LAVATRIQE;42002568;WM611, ;TUB BELLOWS SEAL/ALVA 3-A;5;0.6;Yes;Depo"
"VESTEL;SHPORET;20758552;EV-60DT BLACK, tepsia;TRAY G(Y66,N65,N75,DO61,SHALLOW,BLACK);5;4.23;Yes;Depo"
VESTEL;SHPORET;42088175;EV-60 MT Black;NEW PLASTIC HINGE SLOT RIGHT;1;0.47;Yes;Depo
VESTEL;SHPORET;42088174;EV-60 MT Black;NEW PLASTIC HINGE SLOT LEFT;1;0.48;Yes;Depo
VESTEL;SHPORET;42194251;EV-60 MT Black;SAPS PLASTIC NUT;5;0.54;Yes;Depo
"VESTEL;SHPORET;42194544;EV-60 MT Black;PUSH/PULL KNOB (INOX,OVEN);5;4;Yes;Depo"
"VESTEL;THARESE;42315736;ETH-8HPN,  ventilatori;KOMP.COOLING FAN GR HP-BLK V3-MINZHUO;5;4.44;Yes;Depo"
"VESTEL;SHPORET;42194543;EV-60 MT Black;PUSH/PULL KNOB (INOX,OVEN);5;3.88;Yes;Depo"
VESTEL;LAVATRIQE;22040926;WM10K-1300;**E.CARD F4-4844FFF02030-V06C;1;22.58;Yes;Depo
VESTEL;ENELARES;22253134;EMO-08 FULLV;ELECT.CARD VI1D_7=_TI;1;13.55;Yes;Depo
"VESTEL;ENELARES;22151466;EMO-08 FULLV, displej;DIS.KART I1/DLI/KRMZ/20BMD02/23638223/GR;5;7.9;Yes;Depo"
VESTEL;SHPORET;32045764;EV-60 MT Black;HEATER 66UP+GRIL230V1200+1400W65L S BR;1;5.46;Yes;Depo
VESTEL;Frigorifer;42152193;vakum vegel  per frigorifer;MOUNT DISPLAY APPARATUS IMD (SERVICE);1;7.57;Yes;Depo
VESTEL;SHPORET;47009648;EV-60 MT Black;B-IN DOOR FULL INNER GLASS;5;6.09;Yes;Depo
VESTEL;LAVATRIQE;42025998;WM9-12T2T;UPPER TRAY GROUP/47/SIGMA PLUS;5;6.03;Yes;Depo
VESTEL;LAVATRIQE;4 2105200;WM10K-1300;FRONT TUB 57LT-TYPE3-E;5;6.09;Yes;Depo
VESTEL;TV;23794617;HYUNDAI 65HN8002HYXX I thyer;17MB180E;3;37;Yes;Depo
VESTEL;TV;;HYUNDAI 65HN8002HYXX I thyer;T-CON;3;;Yes;Depo
VESTEL;KLIMA;22232089;pllaka e jashtme C140;OD.PCB 32044424 0FFF38-1001AA;3;22.15;Yes;Depo
"VESTEL;LAVATRIQE;42002568;WM611, ;TUB BELLOWS SEAL/ALVA 3-A;5;0.6;Yes;Depo"
VESTEL;LAVATRIQE;42353167;WM10K-PREMIUM;DET.DRAW.COV.INSERT/ECOLUX PREMIUM B7T2T;3;2.15;Yes;Depo
VESTEL;LAVATRIQE;42329440;WM10K-PREMIUM;CON.PAN.GR.ECOLUX PREMIUM B7T0(WM10-1.2K;3;5.02;Yes;Depo
VESTEL;LAVATRIQE;42232493;WM9-1.2K PREMIUM;FRONT TUB 51LT-TYPE3-E;3;5.6;Yes;Depo
VESTEL;LAVATRIQE;22089096;WM10K-PREMIUM SN00721259005100560050;E.CARD FG-5DAFFFC078D40000-v01p;3;28.05;Yes;Depo
VESTEL;LAVATRIQE;22089099;WM10K-PREMIUM;LCD CARD GR FG/K240-BLCK-NL-v09j;3;55.23;Yes;Depo
"VESTEL;KLIMA;32045011;Tani 32053791 per CIN140, CIN200, CIN260 e brendshme;I.PCB FL BLDC WF/UV/EB 23691540/20KL13;3;17.65;Yes;Depo"
"VESTEL;SHPORET;32038577;EV-60 MT Black, 9pole;SWITCH BUILT IN/FS MAIN OVEN A;10;3.29;Yes;Depo"
VESTEL;LAVATRIQE;32041883;WM9-12T2T;MOTOR(12-1400/50-51-54-55LT)WELLING;10;53.86;Yes;Depo
VESTEL;ENELARES;32016053;Tani 32035069 edhe per MIDEA;WATER INLET VALVE 45 DEGREE;4;2.33;Yes;Depo
VESTEL;KLIMA;32032130;per CIN200N I brendshem;FAN MOTOR IDU FLORA 18/24 BLDC 27W;5;12;Yes;Depo
VESTEL;;32041427;;CAPACITOR(8uF-B SINIFI-M8) ORTAK KOD;5;1.92;Yes;Depo
"VESTEL;ENELARES;32039463;Tani 32040522 EMO-12BSIC, EMO-20, DW14V, 18IXV ETJ Goran Kraleve;WELLING WASHING PUMP-3;5;9.73;Yes;Depo"
VESTEL;Frigorifer;42218264;Tani 22435391 per ECO3951T  ;MAINBOARD COV GR BD67 375E/FK/V0(GRI);3;27.48;Yes;Depo
VESTEL;ENELARES;22073218;EMO-08FULLV 2019;ELEC.CARD VD21_7_YH F.SIZ;3;20;Yes;Depo
VESTEL;LAVATRIQE;2 0678006;;RESISTANCE GR.(S.FUSE-ST-B(1850W));3;3.37;Yes;Depo
VESTEL;THARESE;22356452;Tani 22391220 ETH-8HPN (06.01.24). Kjo nuk e zavendeson 22425777;E.CARD F4-10785101_F seriesHPAl09;4;13.91;Yes;Depo
VESTEL;LAVATRIQE;42313143;WM8-80WH;CON.PAN.GR.ECOLUX HF2A(WM8-80 WH);5;5.56;Yes;Depo
VESTEL;LAVATRIQE;42080166;WM8-80WH;UPPER TRAY GROUP-3/47;5;5.94;Yes;Depo
VESTEL;SHPORET;42213598;EV-60 MT black;HANDLE TRIM SUPPORTER (BLACK);5;0.84;Yes;Depo
VESTEL;LAVATRIQE;42306475;WM8-80WH;DET.BOX GR/FULL/COLD/47/5-HANYU;1;7.76;Yes;Depo
VESTEL;LAVATRIQE;42026020;WM10-1.2K;UPPER TRAY GROUP/57/SIGMA PLUS;1;6.51;Yes;Depo
VESTEL;LAVATRIQE;42199729;WM601N;PLASTIC UPPER TRAY/42 SIGMA PLUS;1;8.34;Yes;Depo
VESTEL;SHPORET;3 2010326;Tani 3 2001442;CERAN HL 180MM 230V 1800W;5;5.3;Yes;Depo
VESTEL;SHPORET;3 2010325;Tani 32001440;CERAN HL 145MM 230V 1200W;4;5.84;Yes;Depo
VESTEL;Frigorifer;32007347;Tani 32035426 per  frigo395;THERMOSTAT(DNFS077B0356);5;4.27;Yes;Depo
VESTEL;KLIMA;42160429;CIN260N brendshme;CROSS FAN 18/24K 100*838.7;3;5.09;Yes;Depo
"VESTEL;KLIMA;42158585;CIN100, CIN140;CROSS FAN 9/12K 92*620;3;4.97;Yes;Depo"
VESTEL;TV;23861402;70-QUH-2312 SN9127968300045;MD.ASY.17IPS74R3_70_U_C_2x550mA;3;23.74;Yes;Depo
VESTEL;TV;23813365;55-QUH-2311;MD.ASY.17IPS72R7_55750_U_C_ ZEN_550MA;3;10.37;Yes;Depo
VESTEL;TV;23732388;75-UHA-2111;MD.ASY.17IPS57R3_75_TV_450mA;3;60.41;Yes;Depo
VESTEL;TV;23829929;65-UFX-2901;MD.ASY.17IPS72R7_65750_U_C_455_ZEN;3;10.76;Yes;Depo
VESTEL;TV;23832757;65-QFXH-2901;MD.ASY.17IPS74R3_65750_U_C_QD_500mA;5;18.11;Yes;Depo
VESTEL;TV;23855267;55-QUH-2311 sn9121809300036;CHS.ASS.17MB185Y-11135216H12A529184L7;5;38.94;Yes;Depo
VESTEL;TV;23878863;55-FUA-8062;CHS.ASS.17MB185Y-11B35216H12A525184LA;5;42.13;Yes;Depo
VESTEL;TV;23915767;65-QFXH-2901;CHS.ASS.17MB185Y-11135216H12A529183O9;5;59.13;Yes;Depo
VESTEL;TV;23872485;65-UFX-2901;CHS.ASS.17MB185Y-11135216H12A525183O7;5;42.13;Yes;Depo
VESTEL;TV;23788041;75-UHA-2111;CHS.ASS.17MB180E-1L135216H124525193^1;5;31.02;Yes;Depo
VESTEL;TV;23787998;70-UHA-2111;CHS.ASS.17MB180E-1K135316H122525183Z1;5;31.48;Yes;Depo
VESTEL;TV;23732388;75-UHA-2111;MD.ASY.17IPS57R3_75_TV_450mA;5;60.41;Yes;Depo
VESTEL;TV;23780996;70-UHA-2111;LED BAR.700 DLD3 VNB 3030 R01 NCnt_YEDPA;3;20.59;Yes;Depo
VESTEL;TV;23647012;65-AUH-2311;LED BAR.650 DLD3 VNB 3030 R09 NCnt_YEPA;3;17.4;Yes;Depo
VESTEL;TV;23458207;75-UHA-2111;LED BAR.750 DLD3 UNB WCG V0 U_YED.PA;3;29.35;Yes;Depo
VESTEL;TV;30108496;65-AUH-2311;ASSY TCON SAKAI 65 UHD RUNTK0006HVZF CN;1;15.02;Yes;Depo
VESTEL;TV;23788041;75-UHA-2111;CHS.ASS.17MB180E-1L135216H124525193^1;3;31.02;Yes;Depo
VESTEL;TV;23624366;JVC 55VU72K;LED BAR.550 DLD4 VNB JF MC G6_YED.PA;3;9.19;Yes;Depo
VESTEL;TV;23896479;70-QUH-2312;LED BAR.700 DLD3 ZNB BlueR01 NCnt_YED.PA;10;31.26;Yes;Depo
VESTEL;THARESE;22422081;ETH-8KN;E.CARD T1-10815084_T seriesCN13;5;23.51;Yes;Depo
"VESTEL;ASPIRATOR;22320548;EV-HO/RA DOWN AIR;CERAMIC GLASS ASSEMBLY(GI30O24421SLIM,SC;2;171.34;Yes;Depo"
VESTEL;THARESE;22234290;ETH-10K PLLAKA;E.CARDGR F4T-K240-10722380_F seriesCN01;3;7.3;Yes;Depo
VESTEL;RESHO;32031791;RESHO VESTFROST;TC VSTL FR08 DLB 32031791 DOMİNO 1T1Ç;3;23.59;Yes;Depo
VESTEL;SHPORET;32010326;Tani 32001442;CERAN HL 180MM 230V 1800W;3;5.3;Yes;Depo
VESTEL;LAVATRIQE;32033330;WD7/5;MOTOR(12/14 RPM 50 LT-7/5 WD)65MM-ANAIME;10;53.85;Yes;Depo
VESTEL;THARESE;3 2034494;ETH-8K;MOTOR(7/8/9KG-KON.100/112L)45MM-V0AL-WEL;2;29.91;Yes;Depo
"VESTEL;THARESE;32041948;ETH-9HP  ;COMPRESOR/RDSK68V11TZR/6,8CC/40ml(GMCC);3;73.73;Yes;Depo"
VESTEL;THARESE;22132243;ETH-8KN PER DISPLEJ;T1-T2 CARD GR./AMBER-T SERIES;2;4.61;Yes;Depo
VESTEL;LAVATRIQE;2 2396979;WM7-1K PREMIUM;HT.CARD T0-317BFFF020200000-V0037-A;1;19.28;Yes;Depo
VESTEL;THARESE;22215517;ETH-9K;E.CARD F2-10722375_F seriesCN00;2;7;Yes;Depo
VESTEL;THARESE;32049900;ETH-9HP  ;SEV.SENSÖR 2PİN(ZİNGEAR);6;0.83;Yes;Depo
VESTEL;LAVATRIQE;22089096;WM10K-PREMIUM SN00721259005100560050;E.CARD FG-5DAFFFC078D40000-v01p;6;28;Yes;Depo
VESTEL;THARESE;42251115;ETH-9HP Tani 42314944;COMP. COOLING FAN GR HP (TD);19;5.11;Yes;Depo
"VESTEL;LAVATRIQE;42087110;WM8-1400, wm601n;TUB ENTERANCE WITH BELLOW HOSE-C;12;0.74;Yes;Depo"
VESTEL;LAVATRIQE;2 0846089;;RESISTANCE GR.(ALVA)49-54/2000W-M;1;5.03;Yes;Depo
VESTEL;TV;23492367;JVC 55VU63M SN8089427800352;CHS.ASS.17MB130S-1N435236H92A425154P8;9;25.49;Yes;Depo
VESTEL;LAVATRIQE;20820414;WD7/5;DRUM GR.WASHER DRYER-DC-PEARL;2;28.96;Yes;Depo
"VESTEL;THARESE;37038268;ETH-9HP;COND. AL WITH 4M Ø6,35 F2,2 112LT/TD;10;32.66;Yes;Depo"
VESTEL;SHPORET;42143203;EV-60CER WHT V;KNOB RING;5;0.05;Yes;Depo
"VESTEL;SHPORET;42149007;EV-60CER WHT V;KNOB (GAMA RING,MT8,WHITE);5;0.55;Yes;Depo"
VESTEL;LAVATRIQE;42105258;WD7/5 WHITE;PR. ADJ.KNOB GR/K2367-G.WHT-K.BYZ-P4A;1;0.53;Yes;Depo
VESTEL;LAVATRIQE;32050669; WM10-1.2K PREMIUM;MOTOR(1000 RPM-59-61LT-55MM)WELLING;5;35.24;Yes;Depo
VESTEL;LAVATRIQE;32033330;WD7/5;MOTOR(12/14 RPM 50 LT-7/5 WD)65MM-ANAIME;3;53.85;Yes;Depo
VESTEL;KLIMA;32033706;Per A/C CIN140;COMP.-R410A GSG102MKA LG;23;61.75;Yes;Depo
"VESTEL;KLIMA;32035107;Per A/C CIN200, cin260;COMP. R410A/R32 DAT150MAG LG;4;170.95;Yes;Depo"
VESTEL;SHPORET;22370326;EV-60 CER WHT;CERAN GLASS ASSEMBLY;1;50;Yes;Depo
VESTEL;LAVATRIQE;42127245;WM10K-PREMIUM GUMA DERE;TUB BELLOWS SEAL/PYTHN-CIRCULATION-C;2;5.99;Yes;Depo
"VESTEL;SHPORET;42024009;;BRACKET WITH CAP(FLT SLICE HANDL,LFT,WHT;2;0.47;Yes;Depo"
VESTEL;LAVATRIQE;42292456;(Komplet) WMD80/60 T2T;DET.BOX GR/FULL/COLD/57/6-DRYER2-HC;1;10.35;Yes;Depo
VESTEL;LAVATRIQE;22321620;WMD80/60 T2T;D2T CARD GR.BUZ(T2367)A/SMB-V05.3;1;10.58;Yes;Depo
VESTEL;LAVATRIQE;22329122;WM8-1K PREMIUM;*HT.CARD T0-3A7BFFF020200000-V0023-A;1;16.16;Yes;Depo
VESTEL;LAVATRIQE;22085075;WMD80/60 T2T;VEL DC CARD GROUP/F-T SERISI_5VA;1;15.44;Yes;Depo
VESTEL;LAVATRIQE;22140600;WMD80/60 T2T;WD CARD GROUP_5VA_VEL-V00.6;1;14.29;Yes;Depo
VESTEL;TV;23953039;55-QFXH-2901;CHS.ASS.17MB185Y-11135216H12A529184LQ;48;63.37;Yes;Depo
VESTEL;TV;23788041;75-UHA-2111 SN8808492200005;CHS.ASS.17MB180E-1L135216H124525193^1;9;31.02;Yes;Depo
VESTEL;TV;30108873;55-FUA-8062 SN9123689300011;ASSY TCON 55QFHD50 AUO T550QVN10.0 CN;10;16.93;Yes;Depo
VESTEL;BOILER;37027227;Tani 37046798 per ECO-BOJ 80V;sealing flange covered SIZDIRMAZLIK FLANŞI 2015 KAPLAMALI;5;1.39;Yes;Depo
#VALUE!
VESTEL;ENELARES;32030561; per EMO-12BSIC nderpreres te MONTUAR dhe EMO-12 FULL V;ECO GR/45/FT;1;1.82;Yes;Depo
VESTEL;ENELARES;42153776;Tani 42372339 BSIC-EMO12;COMPACT AIR BREAK GR;10;5.21;Yes;Depo
VESTEL;BOILER;32029177;ECO-BOJ 80V;LED DISPLAY SINGLE COLOR ANA. THERMOWAT;8;1.3;Yes;Depo
VESTEL;LAVATRIQE;22096849;WD7/5 Silver;E.CARD D4-5FCFFFF028100000-v04k;5;30.82;Yes;Depo
"VESTEL;LAVATRIQE;22324932;WM10K-1300, 1200;DRUM GROUP/59-ALVA BE-2-SK;5;33;Yes;Depo"
"VESTEL;LAVATRIQE;22373720;WM10K-1300, WM10K-PREM;REAR TUB GROUP (52/57 E)-F-15-16;5;18.18;Yes;Depo"
VESTEL;LAVATRIQE;22396979;WM7-1K PREMIUM;HT.CARD T0-317BFFF020200000-V0037-A;4;19.28;Yes;Depo
VESTEL;LAVATRIQE;22132243;ETH-8HPN;T1-T2 CARD GR./AMBER-T SERIES;2;4.61;Yes;Depo
VESTEL;Frigorifer;22227744;ECO3951T  ;DOOR ASSY/375Z-SBX-FL-WATER(S.W);2;59.95;Yes;Depo
VESTEL;LAVATRIQE;47011587; per WM8-1200 SHOCK ABSORBER-9;SHOCK ABSORBER-9;6;1.01;Yes;Depo
VESTEL;THARESE;22215517;ETH-9K;E.CARD F2-10722375_F seriesCN00;1;7;Yes;Depo
VESTEL;THARESE;32040250;ETH-8HPN;HUM SENSOR T-KBL/T/90-100-112-120LT;2;2.29;Yes;Depo
VESTEL;LAVATRIQE;42028149;rryp 1227;BELT(400-1000RPM 32-50)INSULATING-HUTCHI;4;1.3;Yes;Depo
VESTEL;BOILER;32033996;ECO-BOJ 65V;RESISTANCE 1980W Ø12;13;12.91;Yes;Depo
VESTEL;LAVATRIQE;42116568;1228   Tani 42210832;BELT(600/800/1000RPM-50/55LT)GATES;100;2.12;Yes;Depo
"VESTEL;KLIMA;32032130;AC26 e brendshme (CIN260, CIN230, CIN200);FAN MOTOR IDU FLORA 18/24 BLDC 27W;2;12.01;Yes;Depo"
VESTEL;THARESE;32041424;ETH-8HPN per kompresor;CAPACITOR(ORTAK KOD)-15uF-B SINIFI-M8;1;1.47;Yes;Depo
VESTEL;THARESE;32049900;ETH-8HPN  nderpreres;SEV.SENSÖR 2PİN(ZİNGEAR);3;0.83;Yes;Depo
"VESTEL;lAVATRIQE;32035767;VINIA e veqante;VALVE(2 EXIT-RAST2,5);10;6.14;Yes;Depo"
VESTEL;BOILER;32029539;ECO-BOJ 80V;TERMOSTAT RTS 3 300 78/80 °C;1;5.3;Yes;Depo
VESTEL;LAVATRIQE;42127245;WM10K-PREMIUM GUMA DERE;TUB BELLOWS SEAL/PYTHN-CIRCULATION-C;1;5.99;Yes;Depo
VESTEL;THARESE;2 2425777;ETH-8HPN sn00815124010570470145;E.CARD T1-10815124_T seriesHPAl14;1;26.29;Yes;Depo
"VESTEL;LAVATRIQE;32051331;WM7-1K PREMIUM;VALVE(2 EXIT-RAST2,5)HANYU;1;3.1;Yes;Depo"
VESTEL;THARESE;42291087;ETH-9HP;DRAWER COVER ECOLUX XF4T(ETH-9HP);1;2.2;Yes;Depo
VESTEL;THARESE;22353516;ETH-9KN (2023);E.CARD F2-10782134_F seriesCN05;1;22.86;Yes;Depo
VESTEL;THARESE;2 2442087;ETH-9KN (07/2024);E.KART T1-10815115_T seriesCN01_V0064;1;18.55;Yes;Depo
VESTEL;TV;23791481;50-UHA-2108 ;CHS.ASS.17MB180E-1K135216H1225251843%;1;25.93;Yes;Depo
VESTEL;TV;30108873;Tani 30118835  55-FUA-8062;ASSY TCON 55QFHD50 AUO T550QVN10.0 CN;1;13;Yes;Depo
VESTEL;TV;23878863;55-FUA-8062 SN9123689300011;CHS.ASS.17MB185Y-11B35216H12A525184LA;50;37.18;Yes;Depo
VESTEL;TV;23840208;50-UFX-2901;CHS.ASS.17MB185Y-11135216H12A52518491;50;37.18;Yes;Depo
"VESTEL;LAVATRIQE;20787983;Kazan me llagera 2,3 per WM611 sn00666356003307690054;DRUM GROUP/42 TUF2(400/500/600);9;28.82;Yes;Depo"
"VESTEL;LAVATRIQE;22001295;Kazan me llagera 3, 4 per WM611 ;DRUM GROUP/42-ALVA500-3(800/1000)SK;10;32.37;Yes;Depo"
"VESTEL;KLIMA;32045011;Tani 32053791 CIN230, 140, 200 e brendshme;I.PCB FL BLDC WF/UV/EB 23691540/20KL13;2;15.97;Yes;Depo"
VESTEL;THARESE;22354247;ETH-13HPN dhe ETH-9HP;T1-T2 CARD GR./AMBER-T SERIES-VEL;9;2.69;Yes;Depo
VESTEL;THARESE;42315736;ETH-13HPN;KOMP.COOLING FAN GR HP-BLK V3-MINZHUO;14;4.44;Yes;Depo
VESTEL;THARESE;32040252;08.03.2025 Per displej moduli ETH-9HP;T1-T2 UI KBL/T/90-100-112-120LT;12;2.87;Yes;Depo
"VESTEL;KLIMA;32027077;e jashtme CIN230, 140, 200;FAN MOTOR ODU 12K BLDC (BO);5;20.38;Yes;Depo"
"VESTEL;ENELARES;32039463;Tani 32040522 EMO-12BSIC, EN14V, 12FULLV;WELLING WASHING PUMP-3;10;9.73;Yes;Depo"
VESTEL;Frigorifer;42147208;SS DOOR REAL/1400 SW RV1;SS DOOR REAL/1400 SW RV1;1;0.16;Yes;Depo
VESTEL;LAVATRIQE;42110378;WM10K PREMIUM me ventil special;DETERGENT BOX GR/FULL/COLD/57/5-FM;1;11.09;Yes;Depo
VESTEL;LAVATRIQE;42148896;WM7-1K Premium;PLASTIC LIFTER 140;1;0.3;Yes;Depo
"VESTEL;SHPORET;22370324;EV-0/H 60IX;CERAMIC GLASS ASSEMBLY(SLIM DESIGN,COMBI;20;63.46;Yes;Depo"
VESTEL;LAVATRIQE;2 0846089;;RESISTANCE GR.(ALVA)49-54/2000W-M;30;5.03;Yes;Depo
VESTEL;LAVATRIQE;22373720;WM10K PREMIUM;REAR TUB GROUP (52/57 E)-F-15-16;1;18.18;Yes;Depo
"VESTEL;LAVATRIQE;22171769;WM8-1100, WM7-800G;REAR TUB GROUP(47E)TYPE2;1;23.31;Yes;Depo"
"VESTEL;KLIMA;42160429;CIN200, 200, e brendshme;CROSS FAN 18/24K 100*838.7;10;5.09;Yes;Depo"
VESTEL;fRIGORIFER;32007054;Tani 32040618  395  1T inox frigorifer;CAPACITOR 3uF/B-S3/6.3;25;1.74;Yes;Depo
VESTEL;THARESE;32043420;THARESE;HEATER(1600-900W/2 TH(TP)-1 NTC)-IRCA;5;22.03;Yes;Depo
VESTEL;SHPORET;47011496;ECO B110 STEAM BLK;B-IN DOOR FULL INNER GLASS;10;4.64;Yes;Depo
VESTEL;SHPORET;22146182;ECO B110 STEAM BLK;group KNOB;10;2.39;Yes;Depo
VESTEL;THARESE;2 2431991;ETH-9HP;E.CARD T1-10815125_HPAl05_v0_02_118;5;22.16;Yes;Depo
VESTEL;LAVATRIQE;22237712;WM7-1K Premium;DRUM GROUP/44-ALVA500-3-SK;18;30.7;Yes;Depo
VESTEL;SHPORET;32036686;ECO B110 STEAM BLK;ENCODER FR15 LCD KNOB EVERBEST;4;3.93;Yes;Depo
VESTEL;LAVATRIQE;32025771;WM601N;NTC TEMP. SEN.-RAST;5;0.29;Yes;Depo
"VESTEL;THARESE;32041948;ETH-9HP;COMPRESOR/RDSK68V11TZR/6,8CC/40ml(GMCC);11;73.73;Yes;Depo"
VESTEL;THARESE;32031617;ETH-9KN;NTC(DOOR-12K) COMMON COD;37;1.95;Yes;Depo
VESTEL;Frigorifer;32051998;395 1T  2025;LED ST/2835*6/8*129MM/BDL3(H)G;5;0.75;Yes;Depo
VESTEL;LAVATRIQE;22369640;ETH-9KN  16.07.2024;T1-T2 CARD GR./AMBER-T SERIES-HNT;15;1.79;Yes;Depo
VESTEL;SHPORET;32004175;ECO B110 STEAM BLK;TERMİNAL BOX 16A TH500;5;0.32;Yes;Depo
VESTEL;LAVATRIQE;22290028;wm10k-1300 (2023);VCARD F4-4844FFF020300000-V02.5;15;20.5;Yes;Depo
"VESTEL;LAVATRIQE;22133914;WM10K-1300 (2021,2022,2023) me SN00716101005945700038 ;VEL F4.CARD GR.WO BUZZER-R6U-AMBER;2;8.25;Yes;Depo"
VESTEL;THARESE;42191882;ETH-9K;SELECTION BUTTON F2/K240;3;0.75;Yes;Depo
"VESTEL;KLIMA;42289349;CIN140, e brendshme;HORIZONTAL BLADE FLORA 9/12 WHITE P-A;6;0.91;Yes;Depo"
VESTEL;LAVATRIQE;42059372;WM10K PREMIUM;FRONT TUB 60LT-TZPE4;10;7.25;Yes;Depo
VESTEL;LAVATRIQE;42215682;WM10K PREMIUM;FRONT TUB 57LT-TYPE4-E;50;11.49;Yes;Depo
VESTEL;LAVATRIQE;42185103;WM7-1K PREMIUM;DETERGENT BOX GROUP/COLD/6/SLIM;20;5.21;Yes;Depo
VESTEL;ENELARES;32031018;Tani 22398527 EMO-12 BSIC;FLOATER-GR/WITH TWO SCREWS/FT;20;1.32;Yes;Depo
VESTEL;THARESE;22442087;ETH-9KN (04/2024);E.KART T1-10815115_T seriesCN01_V0064;6;18.55;Yes;Depo
VESTEL;LAVATRIQE;37016846;WM10K PREMIUM;HINGE 4;25;1.12;Yes;Depo
"VESTEL;SHPORET;37032907;rrjeta anash ECO B110 STEAM BLK;WIRE RACK(9L,GEN2);20;1.73;Yes;Depo"
VESTEL;SHPORET;22081176;ECO B110 STEAM BLK;FAN MOTOR GROUP;5;3.61;Yes;Depo
VESTEL;SHPORET;22237274;ECO B110 STEAM BLK;UPPER HEATING ELEMENT FIXING GROUP (65LT;20;6.05;Yes;Depo
VESTEL;SHPORET;22163685;ECO B110 STEAM BLK;COOLING FAN GROUP 230V;10;4.5;Yes;Depo
VESTEL;THARESE;22215517;ETH-9K;E.CARD F2-10722375_F seriesCN00;10;7;Yes;Depo
"VESTEL;SHPORET;42200656;Tani 42275281 ECO B110 STEAM BLK;DOOR SEAL (75L,K,R27,O TYPE);4;2.65;Yes;Depo"
VESTEL;SHPORET;32030594;ECO B110 STEAM BLK;OVEN MAINBOARD 56 STEAM FR10R7 23367032;4;30.31;Yes;Depo
VESTEL;SHPORET;32031421;Tani 32053909 per ECO B110 STEAM BLK;LCD SMART FR15 STEAM GROUP OEM;2;74.96;Yes;Depo
VESTEL;FRigorifer;32029145;ECO3200;TER.BX.GR/3200(SRGF)TVNTER.RV1 LDA 3GN;8;10.26;Yes;Depo
VESTEL;FRigorifer;32045071;ECO FR177;HEAD.PAN.GR/2795/V45/(KAR)432SUPER$ RV3;10;6.22;Yes;Depo
VESTEL;ENELARES;20880548;EN14V;ELEC.CARD VC14;13;8.66;Yes;Depo
VESTEL;SHPORET;22274911;ECO EC66W;FRONT PANEL;12;2.72;Yes;Depo
"VESTEL;LAVATRIQE;20691919;WM601N, wm8-1k premium;REAR TUB GROUP(TUF 800/1000);12;16.72;Yes;Depo"
VESTEL;ENELARES;32031018;Tani 22398527 EMO-12 BSIC;FLOATER-GR/WITH TWO SCREWS/FT;5;1.32;Yes;Depo
"VESTEL;LAVATRIQE;22329124;WM7-1K PREMIUM, WINIA;*HCARD T0-317BFFF020200000-V0023-A;2;16.16;Yes;Depo"
VESTEL;LAVATRIQE;20906462;WD7/5;E.CARD D4-5FCFFFF028100000-48K-v02t;5;23.63;Yes;Depo
"VESTEL;THARESE;22012974;ETH-9K, 10K, 8HP, 9HP;DRUM PEARL/TD/112LT/GALVANIZED/AZ150;1;26.73;Yes;Depo"
VESTEL;FRigorifer;32053592;ECO2460N;MAIN B./BDA52/2795/NOSW/RST- 23849781;2;8.6;Yes;Depo
VESTEL;FRigorifer;32045050;FR177L (10.10.2023);DISPLAY CARD/BDD53/2795/GYX/R1.1.5/V45-2;2;5.21;Yes;Depo
VESTEL;LAVATRIQE;22237712;DRUM GROUP/44-ALVA500-3-SK;DRUM GROUP/44-ALVA500-3-SK;1;30.7;Yes;Depo
"VESTEL;THARESE;32051485;Cenzor ngjyre hiri , shume I kerkuar;HEATER NTC(CEBI);2;2.47;Yes;Depo"
VESTEL;frIGORIFER;37002289;Tani 37007900 per BOR-60G;MOTOR FAN IMPELLER T;1;0.48;Yes;Depo
VESTEL;THARESE;37031239;Tani 32041425 per ETH-9HP;CAPACITOR(20uF-A SINIFI-M8)-KEMET;2;5.55;Yes;Depo
VESTEL;THARESE;32046776;;CAPASITOR(11uF-B CLASS-M8)ORTAK;2;1.42;Yes;Depo
VESTEL;KLIMA;32032732;CIN140 BRENDA;FAN MOTOR IDU FLORA 9/12 K BLDC 16 W;2;35.24;Yes;Depo
VESTEL;THARESE;2 2442087;ETH-9KN (04/2024);E.KART T1-10815115_T seriesCN01_V0064;2;18.55;Yes;Depo
VESTEL;THARESE;22096828;ETH-8HP;E. CARD GR F4-2102560100-v04e;1;24.31;Yes;Depo
VESTEL;THARESE;37029179;Tani 37050266 ETH-9KN;CONDENSER CASETTE;2;17.25;Yes;Depo
VESTEL;SHPORET;22019902;Tani 37003448 EV-60CER WHT V;HANDLE GROUP;3;5.2;Yes;Depo
VESTEL;ENELARES;42368641;EMO-20FULLV;REAR UPPER PLS.CROSS BAR/RV2;4;1.5;Yes;Depo
VESTEL;THARESE;22249938;ETH-8HP;ECARD GR F4-10763548_F seriesHPAl01;1;17.04;Yes;Depo
VESTEL;ENELARES;32006362;Tani 32001607 per EN14V;ON OFF SWITCH DEKA;2;0.66;Yes;Depo
VESTEL;ENELARES;22244415;EMO-12 BSICN Tani 22088080;DIS.KART KAREL-X1/KRMZ/EVERLIGHT/GR;2;2.4;Yes;Depo
VESTEL;ENELARES;22049109;EMO-10IX;ELEC.CARD VX14_7_YH;2;21.33;Yes;Depo
"VESTEL;LAVATRIQE;22324932;WM10-1.2K, 1300;DRUM GROUP/59-ALVA BE-2-SK;33;32.99;Yes;Depo"
VESTEL;LAVATRIQE;22261724;WM9-1.2K;DRUM GROUP/51-ALVA BE-2-SK;47;33.49;Yes;Depo
"VESTEL;LAVATRIQE;42105198;WM8-1100, 1000R;FRONT TUB 47LT-TYPE3-E;43;4.65;Yes;Depo"
VESTEL;LAVATRIQE;22384618;WM7-1K PREMIUM;DRUM GROUP/44-ALVA500-3(800/1000)SK-Y;29;22.57;Yes;Depo
VESTEL;LAVATRIQE;22237712;WM8-1K PREMIUM;DRUM GROUP/44-ALVA500-3-SK;9;30.7;Yes;Depo
VESTEL;LAVATRIQE;22319534;WM9-1.2K;ECARD T0-467BFFF028200000-v0409-A;131;17.71;Yes;Depo
"VESTEL;LAVATRIQE;4 2028889;WM7-1K PREMIUM, winia;UPPER TRAY GROUP/42/SIGMA PLUS;1;5.47;Yes;Depo"
VESTEL;LAVATRIQE;22321620;WM80/60 T2T;D2T CARD GR.BUZ(T2367)A/SMB-V05.3;7;11.11;Yes;Depo
"VESTEL;SHPORET;22336698;ECO-EC-66W;METAL LID COVER PRE GR2(YNTB66,WHITE);7;5.99;Yes;Depo"
"VESTEL;SHPORET;20778490;EV-O/H60IX;CAVITY (YNA65,GRILL,TRB,LMB,SYH,BMP);9;21.07;Yes;Depo"
VESTEL;SHPORET ASPIRATOR;32038387;EV-HO/RA DOWN AIR;TC VSTL FR47 20** 4T BRIDGE;5;28.93;Yes;Depo
"VESTEL;SHPORET;42194327;EV-O/H60IX;KNOB(PİPO FLAT,WH.INOX);17;1.74;Yes;Depo"
"VESTEL;ENELARES;32058084;EMO-20FULLV, EMO12-FULLV;DIS.CARD I1/DSIZ/B/BMD03R3/SUN/23925637;2;5.41;Yes;Depo"
VESTEL;ENELARES;22251740; EMO12-FULLV;ELEC.CARD VI13=_TI;1;16.8;Yes;Depo
VESTEL;THARESE;22169976;ETH-10K;SIDE PAN.GR PAIN/112LT/BMR;4;7.36;Yes;Depo
VESTEL;FRigorifer;32036071;ECO-FR177 SN1170959417900125290011;HEAD.PAN.GR/2795/V45/(S.W)432SUPER SRRV2;3;11.4;Yes;Depo
VESTEL;THARESE;22449604;ETH-8KN;E.KART T1-10815084_T seriesCN01_V0069;20;22.52;Yes;Depo
VESTEL;THARESE;22369640;ETH-9KN;T1-T2 CARD GR./AMBER-T SERIES-HNT;10;1.79;Yes;Depo
MIDEA;KLIMA;11002015006761;EC-MU20OUT;Brushless DC Motor;51;6.37;Yes;Depo
MIDEA;KLIMA;11103020000719;EC MU45 OUT 1/5;DC Inverter Rotary Compressor;29;96.84;Yes;Depo
MIDEA;KLIMA;11103020000179;EC-MU30OUT;DC Inverter Rotary Compressor;96;66.75;Yes;Depo
MIDEA;KLIMA;12122200002719;EC MU40 OUT 1/4;Electronic Installing Box Subassembly;2;2.47;Yes;Depo
MIDEA;KLIMA;17122000023691;EC-MU20OUT;Inverter Control Board Subassembly;5;8.77;Yes;Depo
MIDEA;KLIMA;17122000026097;EC-MU30OUT;Inverter Control Board Subassembly;1;36.05;Yes;Depo
MIDEA;KLIMA;17122000030408;EC MU40 OUT 1/4;Main Control Board Subassembly;50;14.43;Yes;Depo
MIDEA;KLIMA;17222300002087;EC-MU30OUT;Electronic control box subassembly;9;72.39;Yes;Depo
MIDEA;KLIMA;17222000A61457;EC-AC28 FLOCE/MDA OUTDOOR;Electronic control box subassembly;2;50.66;Yes;Depo
MIDEA;KLIMA;17222000A60311;EC AC28 AEP OUTDOOR;Electronic control box subassembly;10;50.65;Yes;Depo
MIDEA;KLIMA;11002015013008;EC AC55 FS DCINV INDOOR;Brushless DC Motor;1;28.87;Yes;Depo
MIDEA;KLIMA;11002015008264;EC AC14 DCIN FREEZE OUTDOOR;Brushless DC Motor;1;7.54;Yes;Depo
MIDEA;KLIMA;11002015011867;EC AC20 DCIN FREEZE INDOOR;Brushless DC Motor;1;9.16;Yes;Depo
MIDEA;KLIMA;11002015000247;EC MU45 OUT 1/5;Brushless DC Motor;2;12.57;Yes;Depo
MIDEA;KLIMA;11002015012128;EC AC20 DCIN FREEZE OUTDOOR;Brushless DC Motor;1;5.92;Yes;Depo
MIDEA;KLIMA;11002015016402;EC AC14 DCINV OUTDOOR;Brushless DC Motor;1;4.88;Yes;Depo
MIDEA;KLIMA;11103020011803;EC AC14 DCINV OUTDOOR;DC Inverter Rotary Compressor;1;30.79;Yes;Depo
MIDEA;KLIMA;11103020006879;EC AC26 DCINV OUTDOOR;DC Inverter Rotary Compressor;4;59.52;Yes;Depo
MIDEA;KLIMA;11103020002859;EC AC55 FS DCINV OUTDOOR;DC Inverter Rotary Compressor;4;112.79;Yes;Depo
MIDEA;KLIMA;11103020000239;EC AC14 DCIN FREEZE OUTDOOR;DC Inverter Rotary Compressor;3;32.88;Yes;Depo
MIDEA;KLIMA;11103020003919;EC AC20 DCIN FREEZE OUTDOOR;DC Inverter Rotary Compressor;2;38.55;Yes;Depo
MIDEA;KLIMA;12100102A00147;EC AC26 DCINV INDOOR;Cross flow fan;5;2.46;Yes;Depo
MIDEA;KLIMA;12100102A00146;EC AC20 DCINV INDOOR;Cross flow fan;4;2.2;Yes;Depo
MIDEA;KLIMA;12100102000716;EC AC28 AEP INDOOR;Cross Flow Fan;8;4.31;Yes;Depo
MIDEA;KLIMA;17222000034346;EC AC26 DCINV OUTDOOR;Electronic Control Box Subassembly;1;32.72;Yes;Depo
MIDEA;KLIMA;17222000034395;EC AC20 DCINV INDOOR;Electronic control box subassembly (Mid-and low-end);1;8.67;Yes;Depo
MIDEA;KLIMA;17222000042440;EC AC14 DCINV OUTDOOR;Electronic control box subassembly;1;19.84;Yes;Depo
MIDEA;KLIMA;17222000A60590;EC AC26 DCIN FREEZE OUTDOOR;Electronic Control Box Subassembly;1;42.31;Yes;Depo
MIDEA;KLIMA;17222200008604;EC AC55 FS DCINV INDOOR;Floor-standing display board subassembly;1;6.09;Yes;Depo
MIDEA;KLIMA;17222200013123;EC AC65 FS DCINV INDOOR;Floor-standing display board subassembly;1;9.45;Yes;Depo
MIDEA;KLIMA;11201007000047;EC MU45 OUT 1/5;Pipe Temperature Sensor;1;0.25;Yes;Depo
MIDEA;KLIMA;17122000041912;EC AC14 DCINV INDOOR;Display board subassembly;1;1.16;Yes;Depo
MIDEA;KLIMA;17122000A34890;EC AC14 DCIN FREEZE INDOOR;Display board subassembly;3;1.46;Yes;Depo
MIDEA;KLIMA;17222000032078;EC AC15 AEP INDOOR;Electronic control box subassembly (Mid-and low-end);20;9.08;Yes;Depo
MIDEA;KLIMA;17222000032757;EC AC21 AEP INDOOR;Electronic control box subassembly (Mid-and low-end);4;9.08;Yes;Depo
MIDEA;KLIMA;17222000033135;EC AC28 AEP INDOOR;Electronic control box subassembly (Mid-and low-end);3;10.02;Yes;Depo
MIDEA;KLIMA;17222000034394;EC AC20 DCINV OUTDOOR;Electronic control box subassembly;3;28.84;Yes;Depo
MIDEA;KLIMA;17222000A58712;EC AC20 DCIN FREEZE OUTDOOR;Electronic Control Box Subassembly;10;29.21;Yes;Depo
MIDEA;KLIMA;17222000A60530;EC AC14 DCIN FREEZE OUTDOOR;Electronic Control Box Subassembly;6;28.61;Yes;Depo
MIDEA;KLIMA;17122000050213;EC AC15 AEP INDOOR;Display board subassembly;1;1.55;Yes;Depo
MIDEA;KLIMA;17222000027252;EC AC14 DCIN FREEZE INDOOR;Electronic control box subassembly (Mid-and low-end);1;8.54;Yes;Depo
MIDEA;KLIMA;17222000033815;EC AC20 DCIN FREEZE INDOOR;Electronic control box subassembly (Mid-and low-end);2;9.79;Yes;Depo
MIDEA;KLIMA;17222000034345;EC AC26 DCINV INDOOR;Electronic control box subassembly (Mid-and low-end);3;10.21;Yes;Depo
MIDEA;KLIMA;17222000042439;EC AC14 DCINV INDOOR;Electronic control box subassembly (Mid-and low-end);5;7.98;Yes;Depo
MIDEA;KLIMA;17222200010723;EC AC65 FS DCINV INDOOR;Floor-standing electronic control box subassembly;1;38.74;Yes;Depo
VESTEL;TV;30110640;50-UHA-2108;ASSY TCON NEMUS PT500GT02-7 Hisilicon CN;2;3.47;Yes;Depo
VESTEL;TV;23832757;65-QFXH-2901;MD.ASY.17IPS74R3_65750_U_C_QD_500mA;4;19.53;Yes;Depo
VESTEL;TV;23855267;55-QUH-2311;CHS.ASS.17MB185Y-11135216H12A529184L7;3;37.18;Yes;Depo
VESTEL;TV;23878863;55-FUA-8062 SN9123689300011;CHS.ASS.17MB185Y-11B35216H12A525184LA;3;37.18;Yes;Depo
"VESTEL;SHPORET;32033019;;ENERGY REGULATOR (230V, SINGLE ZONE) 50.;11;2.56;Yes;Depo"
VESTEL;ENELARES;32035780;;DOOR LATCH-SPRING2-(MV-438-5(2)A MS)-MFL;2;2.53;Yes;Depo
VESTEL;THARESE;32035848;tani 32056423 ETH;PUMP/HANYU/B13-6C/10MM;2;7.05;Yes;Depo
VESTEL;FRigorifer;32042948;ECO-SBS620BLV BLACK;RAD.FAN EFA0301S3-1B01U-AA9 100SUNON1550;2;5.77;Yes;Depo
"VESTEL;LAVATRIQE;22170924;WM8-1300, WM8-1100, WM1200;REAR TUB GROUP (52/57 E)-F;2;25.24;Yes;Depo"
VESTEL;FRigorifer;42305747;FR87;FOOT SS/ANK(RIGHT)RV2 POM;2;0.38;Yes;Depo
VESTEL;THARESE;42374535;ETH-10K;CON.PAN.GR.ECOLUX B7T2T(ETH-10K);1;14.48;Yes;Depo
VESTEL;ENELARES;20869910;Tani 20860405 EN14V;ELEC.CARD C14_2 SMPS/1800W;1;9.94;Yes;Depo
"VESTEL;KLIMA;22477631;KOMPRESOR per CIN260, CIN200;24K DAT150-KTN150 ÇÖZÜM GR. R32 FL;2;90.89;Yes;Depo"
VESTEL;LAVATRIQE;20846083;Tani 22505293;RESISTANCE GR.(S.FUSE-ST-B(1850W));4;6.15;Yes;Depo
VESTEL;ENELARES;22179218;EN16V;FRONT PANEL-60/LITA/635/BYL/DS;3;13.32;Yes;Depo
VESTEL;ENELARES;22187109;emo-20fullv;ELEC.CARD VI15_Q;1;10.25;Yes;Depo
"VESTEL;FRigorifer;47014942;ECO265V ;*R GLASS SHELF(3,2)263;3;2.02;Yes;Depo"
VESTEL;ENELARES;32048020;Displej emo-20fullv;DIS.KART I1/DSIZ/BYZ/BMD03/R3/23762545;5;3.86;Yes;Depo
VESTEL;ENELARES;22244415;Tani 22088080 Displej EMO-12BSICN;DIS.KART KAREL-X1/KRMZ/EVERLIGHT/GR;3;2.4;Yes;Depo
VESTEL;FRigorifer;42033307;;SS DOOR GUIDE/1400 ANK(S.W.);1;0.12;Yes;Depo
VESTEL;FRigorifer;22435391;3951T;MB/YZL/NAT/BD67/FK/E-99631321;1;14.37;Yes;Depo
"VESTEL;FRigorifer;32012612;ECO-366;FIN EVAP HEATER/366(220V,154W);1;3.64;Yes;Depo"
"VESTEL;ENELARES;32039463;EN14V, EMO-12BSIC, tani 32060685;WELLING WASHING PUMP-3;5;10.22;Yes;Depo"
"VESTEL;LAVATRIQE;32041980;WM9-1.2K, WM8-80WH, WM8-1400;MOTOR(1000 RPM 51 LT)TYPE33-WELLING;2;33;Yes;Depo"
"VESTEL;SHPORET;32033019;I ZI;ENERGY REGULATOR (230V, SINGLE ZONE);2;2.56;Yes;Depo"
"VESTEL;SHPORET;32033019;I ZI (Do duhej te jene te bardhe);ENERGY REGULATOR (230V, SINGLE ZONE);2;4.4;Yes;Depo"
"VESTEL;SHPORET;32055278;EV-60DT BLACK, TIMER;ND TIMER DIJ FULL RED TC TPB;8;8.94;Yes;Depo"
VESTEL;FRigorifer;32051480;ECO-325V;MAINBOARD/BDA57/C/ELID/327/R12/V21;3;8.57;Yes;Depo
VESTEL;LAVATRIQE dhe THARESE;42112966;WD7/5;GASKET-WASHER DRYER-2;4;7.68;Yes;Depo
VESTEL;LAVATRIQE;47017173;WM601N;FRONT CONC.WEIGHT-ALVA-C(KESIK)8KG-T4;3;2.91;Yes;Depo
"VESTEL;LAVATRIQE;47019633;Tani 47022958;FRONT CONC.WEIGHT-ALVA-B2(KALIN)9,7KG-T1;4;3.94;Yes;Depo"
VESTEL;LAVATRIQE;42232493;WM9-1.2K;FRONT TUB 51LT-TYPE3-E;1;5.6;Yes;Depo
VESTEL;ENELARES;22181292;EMO12-FULLV;ELEC.CARD VI13;4;25.33;Yes;Depo
VESTEL;ENELARES;42206755;EN16V;DSPLY MDÜL/ANGEL/A1 GR;3;1.8;Yes;Depo
VESTEL;ENELARES;47018037;;HINGE CORD GR-2;2;0.48;Yes;Depo
"VESTEL;LAVATRIQE;47022953;WM10K-1300, 1200, ;FRONT CONCRETE WEIGHT;2;8.17;Yes;Depo"
VESTEL;KLIMA;42158585;CIN140 BRENDA;CROSS FAN 9/12K 92*620;1;4.97;Yes;Depo
"VESTEL;SHPORET;32009174;Tani 32003913;HOTPLATE Ø180, 230V, 1500W;1;7.87;Yes;Depo"
"VESTEL;LAVATRIQE;32017283;WM601N, WM601N, WM7-1K PREMIUM;MOTOR TUF(4-5-6-800 -42)30 MM-AL WELLING;1;26.04;Yes;Depo"
VESTEL;THARESE;42232588;RRYP2012;BELT(7-8-9 KG)-7PH2012 SH200-HUTCHINSON;1;4.26;Yes;Depo
VESTEL;SHPORET;22370326;EV-60 CER WHT (me kornize);CERAN GLASS ASSEMBLY;1;50;Yes;Depo
VESTEL;LAVATRIQE;20863050;WM10K-PREMIUM (para motorrit);DC CARD GROUP/F-T SERISI_5VA;1;10.75;Yes;Depo
VESTEL;LAVATRIQE;22421572;WM9-12 T2T DISPLEJ;T2T CARD GR.WOBUZ(T2367)A/AA-RW-V13.26;1;9.06;Yes;Depo
VESTEL;LAVATRIQE;47017173;Betoni perpara;FRONT CONC.WEIGHT-ALVA-C(KESIK)8KG-T4;1;2.91;Yes;Depo
VESTEL;ENELARES;32030561; per EMO-12BSIC nderpreres te MONTUAR dhe EMO-12 FULL V;ECO GR/45/FT;1;1.91;Yes;Depo
VESTEL;TV;23748281;39-HD-2111;LED BAR.385 DLD VNB H04 tyA v01_YE.PA;2;4.68;Yes;Depo
VESTEL;TV;23647012;65-UHA-2108;LED BAR.650 DLD3 VNB 3030 R09 NCnt_YEPA;3;11.16;Yes;Depo
VESTEL;TV;23930927;43-FFX-2901;CHS.ASSY.17MB186-11121216H51C275181Y3;5;30.38;Yes;Depo
VESTEL;TV;30110640;50-UHA-2108;ASSY TCON NEMUS PT500GT02-7 Hisilicon CN;5;3.47;Yes;Depo
VESTEL;TV;30091082;Tani 30122000;R/C 4848 R2 BLACK NETFLIX RC5 NOBRAND Ro;4;4.21;Yes;Depo
VESTEL;Frigorifer;42159973;Plastika perpara deres 3951T;W DIS.SLIMCOSGR(CLS.P)WATDHTS432SRGF;1;3.03;Yes;Depo
"VESTEL;Lavatriqe;20785814;WM10K-1200,;DRUM GROUP/59-ALVA B2;2;38.23;Yes;Depo"
"VESTEL;Lavatriqe;22324932;WM10K-1300, WM10K-1.2K;DRUM GROUP/59-ALVA BE-2-SK;4;33;Yes;Depo"
"VESTEL;Lavatriqe;20737596;WM10K-PREMIUM, Llagera 5 dhe 6 , modeli I pare;REAR TUB GROUP (52/57C2);4;25.93;Yes;Depo"
"VESTEL;Lavatriqe;22373720;WM10K-PREMIUM, Llageri I vogel;REAR TUB GROUP (52/57 E)-F-15-16;4;18.18;Yes;Depo"
VESTEL;THARESE;22425777;ETH-8HPN. Kjo nuk zavendesohet me 22391220;E.CARD T1-10815124_T seriesHPAl14;5;27.6;Yes;Depo
VESTEL;THARESE;32046776;Tani 32031600  ETH;CAPASITOR(11uF-B CLASS-M8)ORTAK;2;1.49;Yes;Depo
VESTEL;LAVATRIQE;22421571;WM9-12 T2T SN00791950007905960135;*VCARD T2T-569A3F5028220200-v1734T30;3;5.02;Yes;Depo
VESTEL;ENELARES;22187109;EMO-20FULLV;ELEC.CARD VI15_Q;1;10.25;Yes;Depo
VESTEL;sHPORET;42344744;EV-60 MT BLACK per termostat;BOŞ DÜĞME KODU 15;6;4.17;Yes;Depo
VESTEL;fRigorifer;32050159;ECO-SBS620BLV;RAD.FAN MFC0361V3-1B00U-AA9 120SUNON1550;2;5.34;Yes;Depo
"VESTEL;SHPORET;32009174;Tani 32003913;HOTPLATE Ø180, 230V, 1500W;4;7.87;Yes;Depo"
"VESTEL;SHPORET;32009175;Tani 32006062;HOTPLATE Ø180, 230V, 2000W, RAPID;3;8.3;Yes;Depo"
"VESTEL;LAVATRIQE;32051331;WM7-1K Premium;VALVE(2 EXIT-RAST2,5)HANYU;5;3.1;Yes;Depo"
VESTEL;FRigorifer;32054205;KOMPRESOR SBS750IX;COMP.VNB1116Y/VCC/JIAX/BR/USB;6;62.98;Yes;Depo
VESTEL;LAVATRIQE;42137164;WM13-PREMIUM Guma e deres;PYTHON-CIRCULATION TUB GASKET GR-C;5;7.35;Yes;Depo
"VESTEL;SHPORET;42364230;EV-60MT BLACK;$DUGME(AN,ACON,SYH,F52);1;4.63;Yes;Depo"
VESTEL;LAVATRIQE;22421572;WM9-12 T2T SN00791950007905960135;T2T CARD GR.WOBUZ(T2367)A/AA-RW-V13.26;1;9.06;Yes;Depo
VESTEL;LAVATRIQE;32024465;WM7-1000;DOOR LOCK M8(TER-METALFLEX);1;1.28;Yes;Depo
VESTEL;THARESE;47018814;ETH-8HPN;DOOR GLASS-2/KM;1;5.73;Yes;Depo
VESTEL;FRigorifer;20622595;C399 Tani 32040476;F FAN MOTOR GR/370 (MULTI SOKET);2;8.65;Yes;Depo
VESTEL;SHPORET;42226665;EV-60 MT BLACK;DOOR_PLASTIK_TOP_COVER;1;1.97;Yes;Depo
"VESTEL;SHPORET;42194327;;KNOB(PİPO FLAT,WH.INOX);2;1.74;Yes;Depo"
VESTEL;THARESE;22214948;ETH-8K;ECARD F1-10722374_F seriesCN00;2;7.21;Yes;Depo
VESTEL;THARESE;22356452;Tani 22391220 ETH-8HPN (06.01.24). Kjo nuk e zavendeson 22425777;E.CARD F4-10785101_F seriesHPAl09;4;14.61;Yes;Depo
VESTEL;THARESE;22251499;ETH-8K;ECARD F1-10722374_F seriesCN02;3;17.87;Yes;Depo
VESTEL;THARESE;22340289;ETH-9HP;E.KART F4T-10782934_F seriesHPAl08;4;18.23;Yes;Depo
VESTEL;THARESE;22252850;Tani 22397462 ETH-9HP (2021);E.CARD F4T-10763549_F seriesHPAl02;10;16.94;Yes;Depo
VESTEL;SHPORET;32038521;I POSHTMI;HEATER 66TOP230V1100W SAHTERM;1;2.16;Yes;Depo